{
	"credit": "Made with Blockbench",
	"parent": "item/fullsize",
	"texture_size": [1024, 1024],
	"textures": {
		"0": "item/advert/d",
		"1": "item/advert/keyart",
		"particle": "item/advert/d"
	},
	"elements": [
		{
			"from": [-7.9, -12, 12.5],
			"to": [29.5, 29, 12.5],
			"rotation": {"angle": 0, "axis": "y", "origin": [1, 12, 20.5]},
			"faces": {
				"north": {"uv": [0, 0, 6, 6.75], "texture": "#0"},
				"east": {"uv": [0, 0, 0, 0.42188], "texture": "#0"},
				"south": {"uv": [0, 8.8125, 0.75, 9.23438], "texture": "#0"},
				"west": {"uv": [0, 0, 0, 0.42188], "texture": "#0"},
				"up": {"uv": [0, 0, 0.75, 0], "texture": "#0"},
				"down": {"uv": [0, 0, 0.75, 0], "texture": "#0"}
			}
		},
		{
			"from": [9.15, 16, 12],
			"to": [28.65, 28.5, 12],
			"rotation": {"angle": 0, "axis": "y", "origin": [17.25, 35.5, 20]},
			"faces": {
				"north": {"uv": [0, 0, 5.5, 3], "texture": "#1"},
				"east": {"uv": [0, 0, 0, 0.09375], "texture": "#1"},
				"south": {"uv": [0, 6.59375, 0.15625, 6.6875], "texture": "#1"},
				"west": {"uv": [0, 0, 0, 0.09375], "texture": "#1"},
				"up": {"uv": [0, 0, 0.15625, 0], "texture": "#1"},
				"down": {"uv": [0, 0, 0.15625, 0], "texture": "#1"}
			}
		}
	],
	"display": {
		"head": {
			"translation": [0, -19, 0],
			"scale": [2.5, 2.5, 2.5]
		}
	}
}