{
	"credit": "Made with Blockbench",
	"parent": "item/fullsize",
	"texture_size": [1024, 1024],
	"textures": {
		"0": "item/advert/i",
		"1": "item/advert/keyart",
		"particle": "item/advert/i"
	},
	"elements": [
		{
			"from": [-13.5, -12, 12.5],
			"to": [24.15, 29, 12.5],
			"rotation": {"angle": 0, "axis": "y", "origin": [-5.5, 12, 20.5]},
			"faces": {
				"north": {"uv": [6, 0, 12, 6.75], "texture": "#0"},
				"east": {"uv": [0, 0, 0, 0.42188], "texture": "#0"},
				"south": {"uv": [0, 8.8125, 0.75, 9.23438], "texture": "#0"},
				"west": {"uv": [0, 0, 0, 0.42188], "texture": "#0"},
				"up": {"uv": [0, 0, 0.75, 0], "texture": "#0"},
				"down": {"uv": [0, 0, 0.75, 0], "texture": "#0"}
			}
		},
		{
			"from": [-13.1, 16, 12],
			"to": [6.4, 28.5, 12],
			"rotation": {"angle": 0, "axis": "y", "origin": [-5, 35.5, 20]},
			"faces": {
				"north": {"uv": [0, 3, 5.5, 6], "texture": "#1"},
				"east": {"uv": [0, 0, 0, 0.09375], "texture": "#1"},
				"south": {"uv": [0, 6.59375, 0.15625, 6.6875], "texture": "#1"},
				"west": {"uv": [0, 0, 0, 0.09375], "texture": "#1"},
				"up": {"uv": [0, 0, 0.15625, 0], "texture": "#1"},
				"down": {"uv": [0, 0, 0.15625, 0], "texture": "#1"}
			}
		}
	],
	"display": {
		"head": {
			"translation": [0, -19, 0],
			"scale": [2.5, 2.5, 2.5]
		}
	}
}