{
	"credit": "Made with Blockbench",
	"parent": "item/fullsize",
	"texture_size": [1024, 1024],
	"textures": {
		"0": "item/advert/i",
		"particle": "item/advert/i"
	},
	"elements": [
		{
			"from": [-8, -12, 12.5],
			"to": [29.4, 29, 12.5],
			"rotation": {"angle": 0, "axis": "y", "origin": [1, 12, 20.5]},
			"faces": {
				"north": {"uv": [0, 0, 6, 6.75], "texture": "#0"},
				"east": {"uv": [0, 0, 0, 0.42188], "texture": "#0"},
				"south": {"uv": [0, 8.8125, 0.75, 9.23438], "texture": "#0"},
				"west": {"uv": [0, 0, 0, 0.42188], "texture": "#0"},
				"up": {"uv": [0, 0, 0.75, 0], "texture": "#0"},
				"down": {"uv": [0, 0, 0.75, 0], "texture": "#0"}
			}
		}
	],
	"display": {
		"head": {
			"translation": [0, -19, 0],
			"scale": [2.5, 2.5, 2.5]
		}
	}
}