{
	"credit": "Made with Blockbench",
    "parent":"item/fullsize",
	"textures": {
		"0": "item/chair_computer",
		"particle": "item/chair_computer"
	},
	"elements": [
		{
			"from": [6.5, 8, 13],
			"to": [9.5, 20, 16],
			"rotation": {"angle": 0, "axis": "y", "origin": [10.5, 17, 21]},
			"faces": {
				"north": {"uv": [8.5, 8.75, 9.25, 11.75], "texture": "#0"},
				"east": {"uv": [7.75, 8.75, 8.5, 11.75], "texture": "#0"},
				"south": {"uv": [7, 8.75, 7.75, 11.75], "texture": "#0"},
				"west": {"uv": [9.25, 8.75, 10, 11.75], "texture": "#0"},
				"up": {"uv": [7.75, 8, 8.5, 8.75], "texture": "#0"},
				"down": {"uv": [8.5, 8, 9.25, 8.75], "texture": "#0"}
			}
		},
		{
			"from": [2.5, 16, 12],
			"to": [13.5, 23, 15],
			"rotation": {"angle": 0, "axis": "y", "origin": [10.5, 25, 20]},
			"faces": {
				"north": {"uv": [0.75, 7.25, 3.5, 9], "texture": "#0"},
				"east": {"uv": [0, 7.25, 0.75, 9], "texture": "#0"},
				"south": {"uv": [3.5, 7.25, 6.25, 9], "texture": "#0"},
				"west": {"uv": [6.25, 7.25, 7, 9], "texture": "#0"},
				"up": {"uv": [0.75, 6.5, 3.5, 7.25], "texture": "#0"},
				"down": {"uv": [3.5, 6.5, 6.25, 7.25], "texture": "#0"}
			}
		},
		{
			"from": [2, 9, 2],
			"to": [14, 12, 14],
			"rotation": {"angle": 0, "axis": "y", "origin": [10, 17, 10]},
			"faces": {
				"north": {"uv": [0, 3, 3, 3.75], "texture": "#0"},
				"east": {"uv": [9, 3, 12, 3.75], "texture": "#0"},
				"south": {"uv": [6, 3, 9, 3.75], "texture": "#0"},
				"west": {"uv": [3, 3, 6, 3.75], "texture": "#0"},
				"up": {"uv": [3, 0, 6, 3], "texture": "#0"},
				"down": {"uv": [6, 0, 9, 3], "texture": "#0"}
			}
		},
		{
			"from": [3, 8, 3],
			"to": [13, 9, 13],
			"rotation": {"angle": 0, "axis": "y", "origin": [10, 16, 10]},
			"faces": {
				"north": {"uv": [5, 6.25, 7.5, 6.5], "texture": "#0"},
				"east": {"uv": [2.5, 6.25, 5, 6.5], "texture": "#0"},
				"south": {"uv": [0, 6.25, 2.5, 6.5], "texture": "#0"},
				"west": {"uv": [7.5, 6.25, 10, 6.5], "texture": "#0"},
				"up": {"uv": [2.5, 3.75, 5, 6.25], "texture": "#0"},
				"down": {"uv": [5, 3.75, 7.5, 6.25], "texture": "#0"}
			}
		},
		{
			"from": [7, 3, 7],
			"to": [9, 8, 9],
			"rotation": {"angle": -45, "axis": "y", "origin": [8, 5.5, 8]},
			"faces": {
				"north": {"uv": [0, 0.5, 0.5, 1.75], "texture": "#0"},
				"east": {"uv": [1.5, 0.5, 2, 1.75], "texture": "#0"},
				"south": {"uv": [1, 0.5, 1.5, 1.75], "texture": "#0"},
				"west": {"uv": [0.5, 0.5, 1, 1.75], "texture": "#0"},
				"up": {"uv": [0.5, 0, 1, 0.5], "texture": "#0"},
				"down": {"uv": [0.5, 0, 1, 0.5], "texture": "#0"}
			}
		},
		{
			"from": [2, 1, 7],
			"to": [14, 3, 9],
			"rotation": {"angle": -45, "axis": "y", "origin": [8, 2, 8]},
			"faces": {
				"north": {"uv": [10.75, 4.25, 15, 4.75], "texture": "#0"},
				"east": {"uv": [15, 4.25, 15.5, 4.75], "texture": "#0"},
				"south": {"uv": [10.75, 4.75, 15, 4.25], "texture": "#0"},
				"west": {"uv": [7.5, 4.25, 8, 4.75], "texture": "#0"},
				"up": {"uv": [10.75, 3.75, 15, 4.25], "texture": "#0"},
				"down": {"uv": [10.75, 3.75, 15, 4.25], "texture": "#0"}
			}
		},
		{
			"from": [11, 0, 7],
			"to": [13, 1, 9],
			"rotation": {"angle": -45, "axis": "y", "origin": [8, 0, 8]},
			"faces": {
				"north": {"uv": [0.5, 4.25, 1, 4.5], "texture": "#0"},
				"east": {"uv": [0.5, 4.25, 1, 4.5], "texture": "#0"},
				"south": {"uv": [0.5, 4.25, 1, 4.5], "texture": "#0"},
				"west": {"uv": [0.5, 4.25, 1, 4.5], "texture": "#0"},
				"up": {"uv": [0.5, 3.75, 1, 4.25], "texture": "#0"},
				"down": {"uv": [1, 3.75, 1.5, 4.25], "texture": "#0"}
			}
		},
		{
			"from": [3, 0, 7],
			"to": [5, 1, 9],
			"rotation": {"angle": -45, "axis": "y", "origin": [8, 0, 8]},
			"faces": {
				"north": {"uv": [0.5, 4.25, 1, 4.5], "texture": "#0"},
				"east": {"uv": [0.5, 4.25, 1, 4.5], "texture": "#0"},
				"south": {"uv": [0.5, 4.25, 1, 4.5], "texture": "#0"},
				"west": {"uv": [0.5, 4.25, 1, 4.5], "texture": "#0"},
				"up": {"uv": [0.5, 3.75, 1, 4.25], "texture": "#0"},
				"down": {"uv": [1, 3.75, 1.5, 4.25], "texture": "#0"}
			}
		},
		{
			"from": [7, 1, 9],
			"to": [9, 3, 14],
			"rotation": {"angle": -45, "axis": "y", "origin": [8, 2, 8]},
			"faces": {
				"north": {"uv": [7, 7.5, 7.5, 8], "texture": "#0"},
				"east": {"uv": [10, 3.75, 8.75, 4.25], "texture": "#0"},
				"south": {"uv": [7, 7.5, 7.5, 8], "texture": "#0"},
				"west": {"uv": [8.75, 3.75, 10, 4.25], "texture": "#0"},
				"up": {"uv": [8.75, 3.75, 10, 4.25], "rotation": 90, "texture": "#0"},
				"down": {"uv": [10, 3.75, 8.75, 4.25], "rotation": 90, "texture": "#0"}
			}
		},
		{
			"from": [7, 1, 2],
			"to": [9, 3, 7],
			"rotation": {"angle": -45, "axis": "y", "origin": [8, 2, 8]},
			"faces": {
				"north": {"uv": [7, 7.5, 7.5, 8], "texture": "#0"},
				"east": {"uv": [8.75, 3.75, 10, 4.25], "texture": "#0"},
				"south": {"uv": [7, 7.5, 7.5, 8], "texture": "#0"},
				"west": {"uv": [10, 3.75, 8.75, 4.25], "texture": "#0"},
				"up": {"uv": [10, 3.75, 8.75, 4.25], "rotation": 90, "texture": "#0"},
				"down": {"uv": [8.75, 3.75, 10, 4.25], "rotation": 90, "texture": "#0"}
			}
		},
		{
			"from": [7, 0, 3],
			"to": [9, 1, 5],
			"rotation": {"angle": -45, "axis": "y", "origin": [8, 1, 8]},
			"faces": {
				"north": {"uv": [1, 4.5, 1.5, 5], "texture": "#0"},
				"east": {"uv": [0.5, 5, 1, 5.25], "texture": "#0"},
				"south": {"uv": [0.5, 5, 1, 5.25], "texture": "#0"},
				"west": {"uv": [0.5, 5, 1, 5.25], "texture": "#0"},
				"up": {"uv": [0.5, 4.5, 1, 5], "texture": "#0"},
				"down": {"uv": [1, 4.75, 1.5, 5], "texture": "#0"}
			}
		},
		{
			"from": [7, 0, 11],
			"to": [9, 1, 13],
			"rotation": {"angle": -45, "axis": "y", "origin": [8, 1, 8]},
			"faces": {
				"north": {"uv": [1, 4.5, 1.5, 5], "texture": "#0"},
				"east": {"uv": [0.5, 5, 1, 5.25], "texture": "#0"},
				"south": {"uv": [0.5, 5, 1, 5.25], "texture": "#0"},
				"west": {"uv": [0.5, 5, 1, 5.25], "texture": "#0"},
				"up": {"uv": [0.5, 4.5, 1, 5], "texture": "#0"},
				"down": {"uv": [1, 4.75, 1.5, 5], "texture": "#0"}
			}
		}
	]
}