{
	"credit": "Made with Blockbench",
    "ambientocclusion": false,
	"texture_size": [64, 64],
	"textures": {
		"0": "item/chair_lunch",
		"particle": "item/chair_lunch"
	},
	"elements": [
		{
			"from": [2, 0, 1],
			"to": [4, 11, 3],
			"rotation": {"angle": 0, "axis": "y", "origin": [10, 8, 9]},
			"faces": {
				"north": {"uv": [4.75, 7, 5.25, 9.75], "texture": "#0"},
				"east": {"uv": [5, 7, 5.5, 9.75], "texture": "#0"},
				"south": {"uv": [5.5, 7, 6, 9.75], "texture": "#0"},
				"west": {"uv": [4, 7, 4.5, 9.75], "texture": "#0"},
				"up": {"uv": [4.25, 6.5, 4.75, 7], "texture": "#0"},
				"down": {"uv": [5, 6.5, 5.5, 7], "texture": "#0"}
			}
		},
		{
			"from": [12, 0, 1],
			"to": [14, 11, 3],
			"rotation": {"angle": 0, "axis": "y", "origin": [20, 8, 9]},
			"faces": {
				"north": {"uv": [6.5, 7, 7, 9.75], "texture": "#0"},
				"east": {"uv": [7, 7, 7.5, 9.75], "texture": "#0"},
				"south": {"uv": [7.5, 7, 8, 9.75], "texture": "#0"},
				"west": {"uv": [6, 7, 6.5, 9.75], "texture": "#0"},
				"up": {"uv": [6.5, 6.5, 7, 7], "texture": "#0"},
				"down": {"uv": [6.75, 6.5, 7.25, 7], "texture": "#0"}
			}
		},
		{
			"from": [12, 0, 11],
			"to": [14, 25, 13],
			"rotation": {"angle": 0, "axis": "y", "origin": [20, 8, 19]},
			"faces": {
				"north": {"uv": [2.5, 7, 3, 13.25], "texture": "#0"},
				"east": {"uv": [3, 7, 3.5, 13.25], "texture": "#0"},
				"south": {"uv": [3.5, 7, 4, 13.25], "texture": "#0"},
				"west": {"uv": [2, 7, 2.5, 13.25], "texture": "#0"},
				"up": {"uv": [2.5, 6.5, 3, 7], "texture": "#0"},
				"down": {"uv": [3, 6.5, 3.5, 7], "texture": "#0"}
			}
		},
		{
			"from": [2, 0, 11],
			"to": [4, 25, 13],
			"rotation": {"angle": 0, "axis": "y", "origin": [10, 8, 19]},
			"faces": {
				"north": {"uv": [0.5, 7, 1, 13.25], "texture": "#0"},
				"east": {"uv": [1, 7, 1.5, 13.25], "texture": "#0"},
				"south": {"uv": [1.5, 7, 2, 13.25], "texture": "#0"},
				"west": {"uv": [0, 7, 0.5, 13.25], "texture": "#0"},
				"up": {"uv": [0.5, 6.5, 1, 7], "texture": "#0"},
				"down": {"uv": [1, 6.25, 1.5, 6.75], "texture": "#0"}
			}
		},
		{
			"from": [1, 18, 10],
			"to": [15, 28, 12],
			"rotation": {"angle": 0, "axis": "y", "origin": [9, 26, 18]},
			"faces": {
				"north": {"uv": [0.5, 4, 4, 6.5], "texture": "#0"},
				"east": {"uv": [0, 4, 0.5, 6.5], "texture": "#0"},
				"south": {"uv": [4.5, 4, 8, 6.5], "texture": "#0"},
				"west": {"uv": [4, 4, 4.5, 6.5], "texture": "#0"},
				"up": {"uv": [0.5, 3.5, 4, 4], "texture": "#0"},
				"down": {"uv": [4.25, 3.5, 7.75, 4], "texture": "#0"}
			}
		},
		{
			"from": [1, 11, 0],
			"to": [15, 13, 12],
			"rotation": {"angle": 0, "axis": "y", "origin": [9, 19, 8]},
			"faces": {
				"north": {"uv": [3, 3, 6.5, 3.5], "texture": "#0"},
				"east": {"uv": [6.5, 3, 9.5, 3.5], "texture": "#0"},
				"south": {"uv": [9.5, 3, 13, 3.5], "texture": "#0"},
				"west": {"uv": [0, 3, 3, 3.5], "texture": "#0"},
				"up": {"uv": [3, 0, 6.5, 3], "texture": "#0"},
				"down": {"uv": [6.5, 0, 10, 3], "texture": "#0"}
			}
		}
	]
}