{
	"credit": "Made with Blockbench",
	"texture_size": [64, 64],
	"textures": {
		"0": "item/chair_folding",
		"particle": "item/chair_folding"
	},
	"elements": [
		{
			"from": [-0.1, -0.1, 0.9],
			"to": [2.1, 22.1, 3.1],
			"rotation": {"angle": 22.5, "axis": "x", "origin": [0, 0, 1]},
			"faces": {
				"north": {"uv": [0.5, 8.25, 1, 13.75], "texture": "#0"},
				"east": {"uv": [1, 8.25, 1.5, 13.75], "texture": "#0"},
				"south": {"uv": [1.5, 8.25, 2, 13.75], "texture": "#0"},
				"west": {"uv": [0, 8.25, 0.5, 13.75], "texture": "#0"},
				"up": {"uv": [0.5, 7.5, 1, 8], "texture": "#0"},
				"down": {"uv": [1, 7.75, 1.5, 8.25], "texture": "#0"}
			}
		},
		{
			"from": [0, -0.75, 11],
			"to": [2, 12.25, 13],
			"rotation": {"angle": -22.5, "axis": "x", "origin": [0, -0.75, 11]},
			"faces": {
				"north": {"uv": [4.5, 8.25, 5, 11.5], "texture": "#0"},
				"east": {"uv": [5, 8.25, 5.5, 11.5], "texture": "#0"},
				"south": {"uv": [5.5, 8.25, 6, 11.5], "texture": "#0"},
				"west": {"uv": [4, 8.25, 4.5, 11.5], "texture": "#0"},
				"up": {"uv": [4.5, 7.75, 5, 8.25], "texture": "#0"},
				"down": {"uv": [5, 7.75, 5.5, 8.25], "texture": "#0"}
			}
		},
		{
			"from": [13.9, -0.1, 0.9],
			"to": [16.1, 22.1, 3.1],
			"rotation": {"angle": 22.5, "axis": "x", "origin": [14, 0, 1]},
			"faces": {
				"north": {"uv": [7.5, 7.5, 8, 13], "texture": "#0"},
				"east": {"uv": [8, 7.5, 8.5, 13], "texture": "#0"},
				"south": {"uv": [8.5, 7.5, 9, 13], "texture": "#0"},
				"west": {"uv": [7, 7.5, 7.5, 13], "texture": "#0"},
				"up": {"uv": [7.5, 7, 8, 7.5], "texture": "#0"},
				"down": {"uv": [8, 7, 8.5, 7.5], "texture": "#0"}
			}
		},
		{
			"from": [14, -0.75, 11],
			"to": [16, 12.25, 13],
			"rotation": {"angle": -22.5, "axis": "x", "origin": [14, -0.75, 11]},
			"faces": {
				"north": {"uv": [2.5, 8.25, 3, 11.5], "texture": "#0"},
				"east": {"uv": [3, 8.25, 3.5, 11.5], "texture": "#0"},
				"south": {"uv": [3.5, 8.25, 4, 11.5], "texture": "#0"},
				"west": {"uv": [2, 8.25, 2.5, 11.5], "texture": "#0"},
				"up": {"uv": [2.5, 7.75, 3, 8.25], "texture": "#0"},
				"down": {"uv": [3, 7.75, 3.5, 8.25], "texture": "#0"}
			}
		},
		{
			"from": [1, 9.25, 2.75],
			"to": [15, 11.25, 4.75],
			"rotation": {"angle": -22.5, "axis": "x", "origin": [9, 17.25, 10.75]},
			"faces": {
				"north": {"uv": [0.5, 6.25, 4, 6.75], "texture": "#0"},
				"east": {"uv": [4, 6.25, 4.5, 6.75], "texture": "#0"},
				"south": {"uv": [4.5, 6.25, 8, 6.75], "texture": "#0"},
				"west": {"uv": [0, 6.25, 0.5, 6.75], "texture": "#0"},
				"up": {"uv": [0.5, 5.75, 4, 6.25], "texture": "#0"},
				"down": {"uv": [4, 5.75, 7.5, 6.25], "texture": "#0"}
			}
		},
		{
			"from": [2, 8, 0],
			"to": [14, 10, 12],
			"rotation": {"angle": 0, "axis": "y", "origin": [10, 16, 8]},
			"faces": {
				"north": {"uv": [0, 3, 3, 3.5], "texture": "#0"},
				"east": {"uv": [9, 3, 12, 3.5], "texture": "#0"},
				"south": {"uv": [3, 3, 6, 3.5], "texture": "#0"},
				"west": {"uv": [6, 3, 9, 3.5], "texture": "#0"},
				"up": {"uv": [3, 0, 6, 3], "texture": "#0"},
				"down": {"uv": [6, 0, 9, 3], "texture": "#0"}
			}
		},
		{
			"from": [2, 0, 1],
			"to": [14, 2, 3],
			"rotation": {"angle": 22.5, "axis": "x", "origin": [2, 0, 1]},
			"faces": {
				"north": {"uv": [0.5, 7.25, 3.5, 7.75], "texture": "#0"},
				"east": {"uv": [3.5, 7.25, 4, 7.75], "texture": "#0"},
				"south": {"uv": [4, 7.25, 7, 7.75], "texture": "#0"},
				"west": {"uv": [0, 7.25, 0.5, 7.75], "texture": "#0"},
				"up": {"uv": [0.5, 6.75, 3.5, 7.25], "texture": "#0"},
				"down": {"uv": [3.5, 6.75, 6.5, 7.25], "texture": "#0"}
			}
		},
		{
			"from": [2, 11, 10.5],
			"to": [14, 18, 12.5],
			"rotation": {"angle": 22.5, "axis": "x", "origin": [10, 19, 18.5]},
			"faces": {
				"north": {"uv": [0.75, 4, 3.75, 5.75], "texture": "#0"},
				"east": {"uv": [0, 4, 0.5, 5.75], "texture": "#0"},
				"south": {"uv": [4, 4, 7, 5.75], "texture": "#0"},
				"west": {"uv": [7, 4, 7.5, 5.75], "texture": "#0"},
				"up": {"uv": [4, 3.5, 7, 4], "texture": "#0"},
				"down": {"uv": [0.5, 3.5, 3.5, 4], "texture": "#0"}
			}
		}
	]
}