{
	"credit": "Made with Blockbench",
	"texture_size": [64, 64],
	"textures": {
		"0": "item/sign/caution",
		"particle": "item/sign/caution"
	},
	"elements": [
		{
			"from": [5, 0, 2],
			"to": [11, 15, 3],
			"rotation": {"angle": 22.5, "axis": "x", "origin": [5, 0, 3]},
			"faces": {
				"north": {"uv": [1, 0, 7, 15], "texture": "#0"},
				"east": {"uv": [0, 0, 1, 15], "texture": "#0"},
				"south": {"uv": [9, 0, 15, 15], "texture": "#0"},
				"west": {"uv": [7, 0, 8, 15], "texture": "#0"},
				"up": {"uv": [1.625, 0.125, 2.375, 0.25], "texture": "#0"},
				"down": {"uv": [1, 14.5, 7, 14.75], "texture": "#0"}
			}
		},
		{
			"from": [5, 0, 14],
			"to": [11, 15, 15],
			"rotation": {"angle": -22.5, "axis": "x", "origin": [5, 0, 14]},
			"faces": {
				"north": {"uv": [9, 0, 15, 15], "texture": "#0"},
				"east": {"uv": [8, 0, 8.125, 1.875], "texture": "#0"},
				"south": {"uv": [1, 0, 7, 15], "texture": "#0"},
				"west": {"uv": [8, 0, 8.125, 1.875], "texture": "#0"},
				"up": {"uv": [7, 0, 7.75, 0.125], "texture": "#0"},
				"down": {"uv": [9, 14.5, 15, 15], "texture": "#0"}
			}
		}
	]
}
