{
	"credit": "Made with Blockbench",
	"parent": "item/fullsize",
	"texture_size": [64, 64],
	"textures": {
		"0": "item/plant_small",
		"particle": "item/plant_small"
	},
	"elements": [
		{
			"from": [4, 0, 4],
			"to": [12, 3, 12],
			"rotation": {"angle": 0, "axis": "y", "origin": [12, 8, 12]},
			"faces": {
				"north": {"uv": [2, 6.5, 4, 7.25], "texture": "#0"},
				"east": {"uv": [0, 6.5, 2, 7.25], "texture": "#0"},
				"south": {"uv": [6, 6.5, 8, 7.25], "texture": "#0"},
				"west": {"uv": [4, 6.5, 6, 7.25], "texture": "#0"},
				"up": {"uv": [2, 4.5, 4, 6.5], "texture": "#0"},
				"down": {"uv": [4, 4.5, 6, 6.5], "texture": "#0"}
			}
		},
		{
			"from": [3, 3, 3],
			"to": [13, 11, 13],
			"rotation": {"angle": 0, "axis": "y", "origin": [11, 11, 11]},
			"faces": {
				"north": {"uv": [2.5, 2.5, 5, 4.5], "texture": "#0"},
				"east": {"uv": [0, 2.5, 2.5, 4.5], "texture": "#0"},
				"south": {"uv": [7.5, 2.5, 10, 4.5], "texture": "#0"},
				"west": {"uv": [5, 2.5, 7.5, 4.5], "texture": "#0"},
				"up": {"uv": [2.5, 0, 5, 2.5], "texture": "#0"},
				"down": {"uv": [5, 0, 7.5, 2.5], "texture": "#0"}
			}
		},
		{
			"from": [2.5, 2.5, 2.5],
			"to": [13.5, 11.5, 13.5],
			"rotation": {"angle": 0, "axis": "y", "origin": [11, 11, 11]},
			"faces": {
				"north": {"uv": [7.75, 13, 10.25, 15], "texture": "#0"},
				"east": {"uv": [5.25, 13, 7.75, 15], "texture": "#0"},
				"south": {"uv": [12.75, 13, 15.25, 15], "texture": "#0"},
				"west": {"uv": [10.25, 13, 12.75, 15], "texture": "#0"},
				"up": {"uv": [7.75, 10.5, 10.25, 13], "texture": "#0"},
				"down": {"uv": [10.25, 10.5, 12.75, 13], "texture": "#0"}
			}
		}
	]
}