{
	"credit": "Made with Blockbench",
	"texture_size": [64, 64],
	"textures": {
		"0": "item/flare",
		"particle": "item/flare"
	},
	"elements": [
		{
			"from": [7, 0, 1],
			"to": [11, 4, 17],
			"rotation": {"angle": 22.5, "axis": "y", "origin": [8, 0, 12]},
			"faces": {
				"north": {"uv": [4, 4, 5, 5], "texture": "#0"},
				"east": {"uv": [0, 4, 4, 5], "texture": "#0"},
				"south": {"uv": [9, 4, 10, 5], "texture": "#0"},
				"west": {"uv": [5, 4, 9, 5], "texture": "#0"},
				"up": {"uv": [4, 0, 5, 4], "texture": "#0"},
				"down": {"uv": [5, 0, 6, 4], "texture": "#0"}
			}
		},
		{
			"from": [9, 0, -7],
			"to": [9, 7, 1],
			"rotation": {"angle": 22.5, "axis": "y", "origin": [8, 0, 12]},
			"faces": {
				"north": {"uv": [0, 0, 0, 1.75], "texture": "#0"},
				"east": {"uv": [4, 2, 2, 3.75], "texture": "#0"},
				"south": {"uv": [0, 0, 0, 1.75], "texture": "#0"},
				"west": {"uv": [2, 2, 4, 3.75], "texture": "#0"},
				"up": {"uv": [0, 0, 0, 2], "texture": "#0"},
				"down": {"uv": [0, 0, 0, 2], "texture": "#0"}
			}
		}
	],
	"groups": [
		{
			"name": "group",
			"origin": [8, 8, 8],
			"children": [0, 1]
		}
	]
}