{
	"credit": "Made with Blockbench",
	"texture_size": [32, 32],
	"textures": {
		"0": "item/intercom",
		"particle": "item/intercom"
	},
	"elements": [
		{
			"from": [2.5, 0, 14],
			"to": [13.5, 14, 16],
			"rotation": {"angle": 0, "axis": "y", "origin": [10.5, 8, 22]},
			"faces": {
				"north": {"uv": [1, 1, 6.5, 8], "texture": "#0"},
				"east": {"uv": [0, 1, 1, 8], "texture": "#0"},
				"south": {"uv": [7.5, 1, 13, 8], "texture": "#0"},
				"west": {"uv": [6.5, 1, 7.5, 8], "texture": "#0"},
				"up": {"uv": [1, 0, 6.5, 1], "texture": "#0"},
				"down": {"uv": [6.5, 0, 12, 1], "texture": "#0"}
			}
		},
		{
			"from": [4.5, 5, 13],
			"to": [11.5, 12, 14],
			"rotation": {"angle": 45, "axis": "z", "origin": [8, 8.5, 13]},
			"faces": {
				"north": {"uv": [0.5, 8.5, 4, 12], "texture": "#0"},
				"east": {"uv": [0, 8.5, 0.5, 12], "texture": "#0"},
				"south": {"uv": [4.5, 8.5, 8, 12], "texture": "#0"},
				"west": {"uv": [4, 8.5, 4.5, 12], "texture": "#0"},
				"up": {"uv": [0.5, 8, 4, 8.5], "texture": "#0"},
				"down": {"uv": [4, 8, 7.5, 8.5], "texture": "#0"}
			}
		}
	],
	"display": {}
}