{
	"credit": "Made with Blockbench",
	"texture_size": [32, 32],
	"textures": {
		"0": "block/ladder",
		"particle": "block/ladder"
	},
	"elements": [
		{
			"from": [1, 0, 14],
			"to": [3, 16, 16],
			"faces": {
				"north": {"uv": [1, 1, 2, 9], "texture": "#0"},
				"east": {"uv": [2, 1, 3, 9], "texture": "#0"},
				"south": {"uv": [3, 1, 4, 9], "texture": "#0"},
				"west": {"uv": [0, 1, 1, 9], "texture": "#0"},
				"up": {"uv": [1, 0, 2, 1], "texture": "#0"},
				"down": {"uv": [2, 0, 3, 1], "texture": "#0"}
			}
		},
		{
			"from": [13, 0, 14],
			"to": [15, 16, 16],
			"faces": {
				"north": {"uv": [1, 1, 2, 9], "texture": "#0"},
				"east": {"uv": [2, 1, 3, 9], "texture": "#0"},
				"south": {"uv": [3, 1, 4, 9], "texture": "#0"},
				"west": {"uv": [0, 1, 1, 9], "texture": "#0"},
				"up": {"uv": [1, 0, 2, 1], "texture": "#0"},
				"down": {"uv": [2, 0, 3, 1], "texture": "#0"}
			}
		},
		{
			"from": [3, 13, 15],
			"to": [13, 15, 16],
			"faces": {
				"north": {"uv": [0, 10, 5, 11], "texture": "#0"},
				"east": {"uv": [5.5, 10, 6, 11], "texture": "#0"},
				"south": {"uv": [6, 10, 11, 11], "texture": "#0"},
				"west": {"uv": [5, 10, 5.5, 11], "texture": "#0"},
				"up": {"uv": [5, 5, 5.5, 10], "texture": "#0"},
				"down": {"uv": [5.5, 5, 6, 10], "texture": "#0"}
			}
		},
		{
			"from": [3, 9, 15],
			"to": [13, 11, 16],
			"faces": {
				"north": {"uv": [0, 10, 5, 11], "texture": "#0"},
				"east": {"uv": [5.5, 10, 6, 11], "texture": "#0"},
				"south": {"uv": [6, 10, 10.5, 11], "texture": "#0"},
				"west": {"uv": [5, 10, 5.5, 11], "texture": "#0"},
				"up": {"uv": [5, 5, 5.5, 10], "texture": "#0"},
				"down": {"uv": [5.5, 5, 6, 10], "texture": "#0"}
			}
		},
		{
			"from": [3, 5, 15],
			"to": [13, 7, 16],
			"faces": {
				"north": {"uv": [0, 10, 5, 11], "texture": "#0"},
				"east": {"uv": [5.5, 10, 6, 11], "texture": "#0"},
				"south": {"uv": [6, 10, 11, 11], "texture": "#0"},
				"west": {"uv": [5, 10, 5.5, 11], "texture": "#0"},
				"up": {"uv": [5, 5, 5.5, 10], "texture": "#0"},
				"down": {"uv": [5.5, 5, 6, 10], "texture": "#0"}
			}
		},
		{
			"from": [3, 1, 15],
			"to": [13, 3, 16],
			"faces": {
				"north": {"uv": [0, 10, 5, 11], "texture": "#0"},
				"east": {"uv": [5.5, 10, 6, 11], "texture": "#0"},
				"south": {"uv": [6, 10, 11, 11], "texture": "#0"},
				"west": {"uv": [5, 10, 5.5, 11], "texture": "#0"},
				"up": {"uv": [5, 5, 5.5, 10], "texture": "#0"},
				"down": {"uv": [5.5, 5, 6, 10], "texture": "#0"}
			}
		}
	]
}