{
	"credit": "Made with Blockbench",
	"texture_size": [32, 32],
	"textures": {
		"0": "item/monitor",
		"1": "item/monitor_screen/scale",
		"particle": "item/monitor"
	},
	"elements": [
		{
			"from": [8, 0, 1],
			"to": [15, 1, 7],
			"rotation": {"angle": 0, "axis": "y", "origin": [16, 8, 9]},
			"faces": {
				"north": {"uv": [0, 6, 3.5, 6.5], "texture": "#0"},
				"east": {"uv": [10, 6, 13, 6.5], "texture": "#0"},
				"south": {"uv": [3, 6, 6.5, 6.5], "texture": "#0"},
				"west": {"uv": [7, 6, 10, 6.5], "texture": "#0"},
				"up": {"uv": [6.5, 3, 3, 6], "texture": "#0"},
				"down": {"uv": [10, 3, 6.5, 6], "texture": "#0"}
			}
		},
		{
			"from": [1, 0, 1],
			"to": [8, 1, 7],
			"rotation": {"angle": 0, "axis": "y", "origin": [9, 8, 9]},
			"faces": {
				"north": {"uv": [3, 6, 6.5, 6.5], "texture": "#0"},
				"east": {"uv": [0, 6, 3, 6.5], "texture": "#0"},
				"south": {"uv": [9.5, 6, 13, 6.5], "texture": "#0"},
				"west": {"uv": [6.5, 6, 9.5, 6.5], "texture": "#0"},
				"up": {"uv": [3, 3, 6.5, 6], "texture": "#0"},
				"down": {"uv": [6.5, 3, 10, 6], "texture": "#0"}
			}
		},
		{
			"from": [1, 1.1, 1.5],
			"to": [15, 1.1, 7.5],
			"rotation": {"angle": 0, "axis": "y", "origin": [9, 9, 9.5]},
			"faces": {
				"north": {"uv": [0, 0, 7, 0], "texture": "#0"},
				"east": {"uv": [0, 0, 3, 0], "texture": "#0"},
				"south": {"uv": [0, 0, 7, 0], "texture": "#0"},
				"west": {"uv": [0, 0, 3, 0], "texture": "#0"},
				"up": {"uv": [3, 12, 10, 15], "texture": "#0"},
				"down": {"uv": [0, 0, 7, 3], "texture": "#0"}
			}
		},
		{
			"from": [3, 0, 9],
			"to": [13, 1, 14],
			"rotation": {"angle": 0, "axis": "y", "origin": [11, 8, 17]},
			"faces": {
				"north": {"uv": [2.5, 2.5, 7.5, 3], "texture": "#0"},
				"east": {"uv": [0, 2.5, 2.5, 3], "texture": "#0"},
				"south": {"uv": [7.5, 2.5, 12.5, 3], "texture": "#0"},
				"west": {"uv": [12.5, 2.5, 15, 3], "texture": "#0"},
				"up": {"uv": [2.5, 0, 7.5, 2.5], "texture": "#0"},
				"down": {"uv": [7.5, 0, 12.5, 2.5], "texture": "#0"}
			}
		},
		{
			"from": [0, 4, 9],
			"to": [8, 13, 10],
			"rotation": {"angle": 0, "axis": "y", "origin": [8, 12, 17]},
			"faces": {
				"north": {"uv": [4.5, 7, 0.5, 11.5], "texture": "#0"},
				"east": {"uv": [4.5, 7, 5, 11.5], "texture": "#0"},
				"south": {"uv": [9, 7, 5, 11.5], "texture": "#0"},
				"west": {"uv": [0, 7, 0.5, 11.5], "texture": "#0"},
				"up": {"uv": [0.5, 6.5, 4.5, 7], "texture": "#0"},
				"down": {"uv": [4.5, 6.5, 8.5, 7], "texture": "#0"}
			}
		},
		{
			"from": [8, 4, 9],
			"to": [16, 13, 10],
			"rotation": {"angle": 0, "axis": "y", "origin": [16, 12, 17]},
			"faces": {
				"north": {"uv": [0.5, 7, 4.5, 11.5], "texture": "#0"},
				"east": {"uv": [0, 7, 0.5, 11.5], "texture": "#0"},
				"south": {"uv": [5, 7, 9, 11.5], "texture": "#0"},
				"west": {"uv": [4.5, 7, 5, 11.5], "texture": "#0"},
				"up": {"uv": [0.5, 6.5, 4.5, 7], "texture": "#0"},
				"down": {"uv": [4.5, 6.5, 8.5, 7], "texture": "#0"}
			}
		},
		{
			"from": [7, 0, 11.5],
			"to": [9, 6, 13.5],
			"rotation": {"angle": -22.5, "axis": "x", "origin": [6, 0, 11.5]},
			"faces": {
				"north": {"uv": [13, 8.5, 14, 11.5], "texture": "#0"},
				"east": {"uv": [12, 8.5, 13, 11.5], "texture": "#0"},
				"south": {"uv": [15, 8.5, 16, 11.5], "texture": "#0"},
				"west": {"uv": [14, 8.5, 15, 11.5], "texture": "#0"},
				"up": {"uv": [0, 0, 1, 1], "texture": "#0"},
				"down": {"uv": [0, 0, 1, 1], "texture": "#0"}
			}
		},
		{
			"from": [7, 6, 12.5],
			"to": [9, 8, 13.5],
			"rotation": {"angle": -22.5, "axis": "x", "origin": [6, 0, 11.5]},
			"faces": {
				"north": {"uv": [0, 0, 1, 1], "texture": "#0"},
				"east": {"uv": [0, 5, 0.5, 6], "texture": "#0"},
				"south": {"uv": [2, 5, 3, 6], "texture": "#0"},
				"west": {"uv": [1.5, 5, 2, 6], "texture": "#0"},
				"up": {"uv": [1.5, 3.5, 2.5, 4], "texture": "#0"},
				"down": {"uv": [1.5, 3.5, 2.5, 4], "texture": "#0"}
			}
		},
		{
			"from": [7, 6, 11.8],
			"to": [8, 7, 12.5],
			"rotation": {"angle": -22.5, "axis": "x", "origin": [6, 0, 11.5]},
			"faces": {
				"north": {"uv": [2.5, 5.5, 3, 6], "texture": "#0"},
				"east": {"uv": [2, 5.5, 2.35, 6], "texture": "#0"},
				"south": {"uv": [2, 5.5, 2.5, 6], "texture": "#0"},
				"west": {"uv": [2, 5.5, 2.35, 6], "texture": "#0"},
				"up": {"uv": [2, 5.5, 2.5, 5.85], "texture": "#0"},
				"down": {"uv": [2, 5.5, 2.5, 5.85], "texture": "#0"}
			}
		},
		{
			"from": [8, 6, 11.8],
			"to": [9, 7, 12.5],
			"rotation": {"angle": -22.5, "axis": "x", "origin": [6, 0, 11.5]},
			"faces": {
				"north": {"uv": [1.5, 5, 2, 5.5], "texture": "#0"},
				"east": {"uv": [2, 5, 2.35, 5.5], "texture": "#0"},
				"south": {"uv": [2, 5.5, 2.5, 6], "texture": "#0"},
				"west": {"uv": [2.5, 5.5, 2.85, 6], "texture": "#0"},
				"up": {"uv": [2, 5.5, 2.5, 5.85], "texture": "#0"},
				"down": {"uv": [1.5, 5.5, 2, 5.85], "texture": "#0"}
			}
		},
		{
			"from": [0.95, 4.95, 8.99],
			"to": [15.05, 12.05, 9.09],
			"rotation": {"angle": 0, "axis": "y", "origin": [9, 13, 15.5]},
			"faces": {
				"north": {"uv": [0, 0, 16, 7.9375], "texture": "#1"},
				"east": {"uv": [0, 0, 0, 3.5], "texture": "#1"},
				"south": {"uv": [0, 0, 7, 3.5], "texture": "#1"},
				"west": {"uv": [0, 0, 0, 3.5], "texture": "#1"},
				"up": {"uv": [0, 0, 7, 0], "texture": "#1"},
				"down": {"uv": [0, 0, 7, 0], "texture": "#1"}
			}
		}
	],
	"groups": [0, 1, 2, 3, 4, 5,
		{
			"name": "group",
			"origin": [16, 12, 17],
			"children": [6, 7, 8, 9]
		}, 10]
}