{
	"credit": "Made with Blockbench",
	"parent": "item/halfsize",
	"texture_size": [128, 128],
	"textures": {
		"0": "item/plant_large",
		"particle": "item/plant_large"
	},
	"elements": [
		{
			"from": [1, -16, 1],
			"to": [15, -8, 15],
			"rotation": {"angle": 0, "axis": "y", "origin": [17, 0, 17]},
			"faces": {
				"north": {"uv": [7.5, 7.5, 9.25, 8.5], "texture": "#0"},
				"east": {"uv": [9.25, 7.5, 11, 8.5], "texture": "#0"},
				"south": {"uv": [11, 7.5, 12.75, 8.5], "texture": "#0"},
				"west": {"uv": [5.75, 7.5, 7.5, 8.5], "texture": "#0"},
				"up": {"uv": [7.5, 5.75, 9.25, 7.5], "texture": "#0"},
				"down": {"uv": [9.25, 5.75, 11, 7.5], "texture": "#0"}
			}
		},
		{
			"from": [0.5, -8, 0.5],
			"to": [15.5, 1, 15.5],
			"rotation": {"angle": 0, "axis": "y", "origin": [16.5, 8, 16.5]},
			"faces": {
				"north": {"uv": [1.875, 5.125, 3.75, 6.25], "texture": "#0"},
				"east": {"uv": [3.75, 5.125, 5.625, 6.25], "texture": "#0"},
				"south": {"uv": [5.625, 5.125, 7.5, 6.25], "texture": "#0"},
				"west": {"uv": [0, 5.125, 1.875, 6.25], "texture": "#0"},
				"up": {"uv": [1.875, 3.25, 3.75, 5.125], "texture": "#0"},
				"down": {"uv": [3.75, 3.25, 5.625, 5.125], "texture": "#0"}
			}
		},
		{
			"from": [0, 1, 0],
			"to": [16, 11, 16],
			"rotation": {"angle": 0, "axis": "y", "origin": [16, 17, 16]},
			"faces": {
				"north": {"uv": [1.875, 2, 3.875, 3.25], "texture": "#0"},
				"east": {"uv": [4, 2, 6, 3.25], "texture": "#0"},
				"south": {"uv": [6, 2, 8, 3.25], "texture": "#0"},
				"west": {"uv": [0, 2, 2, 3.25], "texture": "#0"},
				"up": {"uv": [2, 0, 4, 2], "texture": "#0"},
				"down": {"uv": [4, 0, 6, 2], "texture": "#0"}
			}
		},
		{
			"from": [1.5, 11, 1.5],
			"to": [14.5, 12, 14.5],
			"rotation": {"angle": 0, "axis": "y", "origin": [17.5, 27, 17.5]},
			"faces": {
				"north": {"uv": [7.25, 4.875, 8.875, 5], "texture": "#0"},
				"east": {"uv": [8.875, 4.875, 10.5, 5], "texture": "#0"},
				"south": {"uv": [10.5, 4.875, 12.125, 5], "texture": "#0"},
				"west": {"uv": [5.75, 4.875, 7.375, 5], "texture": "#0"},
				"up": {"uv": [7.25, 3.25, 8.875, 4.875], "texture": "#0"},
				"down": {"uv": [8.875, 3.25, 10.5, 4.875], "texture": "#0"}
			}
		},
		{
			"from": [0.5, 12, 9.5],
			"to": [16.5, 28, 9.5],
			"rotation": {"angle": 45, "axis": "y", "origin": [6.5, -24, 9.5]},
			"faces": {
				"north": {"uv": [11, 5, 13, 7], "texture": "#0"},
				"east": {"uv": [0, 0, 0, 2], "texture": "#0"},
				"south": {"uv": [11, 5, 13, 7], "texture": "#0"},
				"west": {"uv": [0, 0, 0, 2], "texture": "#0"},
				"up": {"uv": [0, 0, 2, 0], "texture": "#0"},
				"down": {"uv": [0, 0, 1, 0], "texture": "#0"}
			}
		},
		{
			"from": [0.5, 12, 7],
			"to": [16.5, 28, 7],
			"rotation": {"angle": -45, "axis": "y", "origin": [6.5, -24, 7]},
			"faces": {
				"north": {"uv": [10.5, 2, 12.5, 4], "texture": "#0"},
				"east": {"uv": [0, 0, 0, 1], "texture": "#0"},
				"south": {"uv": [10.5, 2, 12.5, 4], "texture": "#0"},
				"west": {"uv": [0, 0, 0, 1], "texture": "#0"},
				"up": {"uv": [0, 0, 1, 0], "texture": "#0"},
				"down": {"uv": [0, 0, 1, 0], "texture": "#0"}
			}
		},
		{
			"from": [2, 4, -2],
			"to": [2, 20, 14],
			"rotation": {"angle": -22.5, "axis": "z", "origin": [2, 20, 6]},
			"faces": {
				"north": {"uv": [0, 0, 0, 1], "texture": "#0"},
				"east": {"uv": [0, 6.25, 2, 8.25], "texture": "#0"},
				"south": {"uv": [0, 0, 0, 1], "texture": "#0"},
				"west": {"uv": [0, 6.25, 2, 8.25], "texture": "#0"},
				"up": {"uv": [0, 0, 0, 1], "texture": "#0"},
				"down": {"uv": [0, 0, 0, 1], "texture": "#0"}
			}
		},
		{
			"from": [14, 4, 0],
			"to": [14, 20, 16],
			"rotation": {"angle": 22.5, "axis": "z", "origin": [14, 20, 8]},
			"faces": {
				"north": {"uv": [0, 0, 0, 1], "texture": "#0"},
				"east": {"uv": [0, 8.25, 2, 10.25], "texture": "#0"},
				"south": {"uv": [0, 0, 0, 1], "texture": "#0"},
				"west": {"uv": [0, 8.25, 2, 10.25], "texture": "#0"},
				"up": {"uv": [0, 0, 0, 1], "texture": "#0"},
				"down": {"uv": [0, 0, 0, 1], "texture": "#0"}
			}
		},
		{
			"from": [2, 4, 2],
			"to": [18, 20, 2],
			"rotation": {"angle": 22.5, "axis": "x", "origin": [10, 20, 2]},
			"faces": {
				"north": {"uv": [10, 0, 12, 2], "texture": "#0"},
				"east": {"uv": [0, 0, 0, 1], "texture": "#0"},
				"south": {"uv": [10, 0, 12, 2], "texture": "#0"},
				"west": {"uv": [0, 0, 0, 1], "texture": "#0"},
				"up": {"uv": [0, 0, 1, 0], "texture": "#0"},
				"down": {"uv": [0, 0, 1, 0], "texture": "#0"}
			}
		},
		{
			"from": [0, 12, 6],
			"to": [16, 28, 6],
			"rotation": {"angle": 45, "axis": "x", "origin": [8, 28, 6]},
			"faces": {
				"north": {"uv": [0, 10.25, 2, 12.25], "texture": "#0"},
				"east": {"uv": [0, 0, 0, 1], "texture": "#0"},
				"south": {"uv": [0, 10.25, 2, 12.25], "texture": "#0"},
				"west": {"uv": [0, 0, 0, 1], "texture": "#0"},
				"up": {"uv": [0, 0, 1, 0], "texture": "#0"},
				"down": {"uv": [0, 0, 1, 0], "texture": "#0"}
			}
		},
		{
			"from": [0, 12, 10],
			"to": [16, 28, 10],
			"rotation": {"angle": -45, "axis": "x", "origin": [8, 28, 10]},
			"faces": {
				"north": {"uv": [4, 10.5, 6, 12.5], "texture": "#0"},
				"east": {"uv": [0, 0, 0, 1], "texture": "#0"},
				"south": {"uv": [4, 10.5, 6, 12.5], "texture": "#0"},
				"west": {"uv": [0, 0, 0, 1], "texture": "#0"},
				"up": {"uv": [0, 0, 1, 0], "texture": "#0"},
				"down": {"uv": [0, 0, 1, 0], "texture": "#0"}
			}
		},
		{
			"from": [-2, 4, 14],
			"to": [14, 20, 14],
			"rotation": {"angle": -22.5, "axis": "x", "origin": [6, 20, 14]},
			"faces": {
				"north": {"uv": [6, 0, 8, 2], "texture": "#0"},
				"east": {"uv": [0, 0, 0, 1], "texture": "#0"},
				"south": {"uv": [6, 0, 8, 2], "texture": "#0"},
				"west": {"uv": [0, 0, 0, 1], "texture": "#0"},
				"up": {"uv": [0, 0, 1, 0], "texture": "#0"},
				"down": {"uv": [0, 0, 1, 0], "texture": "#0"}
			}
		},
		{
			"from": [6, 12, 0],
			"to": [6, 28, 16],
			"rotation": {"angle": -45, "axis": "z", "origin": [6, 28, 8]},
			"faces": {
				"north": {"uv": [0, 0, 0, 1], "texture": "#0"},
				"east": {"uv": [4, 8.5, 6, 10.5], "texture": "#0"},
				"south": {"uv": [0, 0, 0, 1], "texture": "#0"},
				"west": {"uv": [3.875, 8.5, 5.875, 10.5], "texture": "#0"},
				"up": {"uv": [0, 0, 0, 1], "texture": "#0"},
				"down": {"uv": [0, 0, 0, 1], "texture": "#0"}
			}
		},
		{
			"from": [10, 28, 0],
			"to": [26, 28, 16],
			"rotation": {"angle": -45, "axis": "z", "origin": [10, 28, 8]},
			"faces": {
				"north": {"uv": [0, 0, 0, 1], "rotation": 90, "texture": "#0"},
				"east": {"uv": [0, 0, 0, 1], "rotation": 270, "texture": "#0"},
				"south": {"uv": [0, 0, 0, 1], "rotation": 270, "texture": "#0"},
				"west": {"uv": [0, 0, 0, 1], "rotation": 270, "texture": "#0"},
				"up": {"uv": [8, 10, 10, 12], "rotation": 270, "texture": "#0"},
				"down": {"uv": [8, 10, 10, 12], "rotation": 270, "texture": "#0"}
			}
		}
	],
	"display": {}
}