{
	"credit": "Made with Blockbench",
	"texture_size": [64, 64],
	"textures": {
		"0": "item/table/small",
		"particle": "item/table/small"
	},
	"elements": [
		{
			"from": [12, 0, 1],
			"to": [15, 14, 4],
			"rotation": {"angle": 0, "axis": "y", "origin": [40, 16, 18]},
			"faces": {
				"north": {"uv": [0.75, 5.25, 1.5, 8.75], "texture": "#0"},
				"east": {"uv": [0, 5.25, 0.75, 8.75], "texture": "#0"},
				"south": {"uv": [2.25, 5.25, 3, 8.75], "texture": "#0"},
				"west": {"uv": [1.5, 5.25, 2.25, 8.75], "texture": "#0"},
				"up": {"uv": [0.75, 4.5, 1.5, 5.25], "texture": "#0"},
				"down": {"uv": [1.5, 4.5, 2.25, 5.25], "texture": "#0"}
			}
		},
		{
			"from": [0, 14, 0],
			"to": [16, 16, 16],
			"rotation": {"angle": 0, "axis": "y", "origin": [16, 44, 16]},
			"faces": {
				"north": {"uv": [4, 4, 8, 4.5], "texture": "#0"},
				"east": {"uv": [0, 4, 4, 4.5], "texture": "#0"},
				"south": {"uv": [12, 4, 16, 4.5], "texture": "#0"},
				"west": {"uv": [8, 4, 12, 4.5], "texture": "#0"},
				"up": {"uv": [4, 0, 8, 4], "rotation": 180, "texture": "#0"},
				"down": {"uv": [8, 0, 12, 4], "texture": "#0"}
			}
		}
	],
	"groups": [
		{
			"name": "group",
			"origin": [8, 22, 8],
			"children": []
		},
		{
			"name": "group",
			"origin": [8, 22, 8],
			"children": []
		},
		{
			"name": "group",
			"origin": [8, 22, 8],
			"children": []
		},
		{
			"name": "group",
			"origin": [8, 22, 8],
			"children": [0, 1]
		}
	]
}