{
	"credit": "Made with Blockbench",
	"texture_size": [128, 128],
	"textures": {
		"0": "item/vending_machine/a",
		"particle": "item/vending_machine/a"
	},
	"elements": [
		{
			"from": [21, -16, -1],
			"to": [30, -5, 17],
			"rotation": {"angle": 0, "axis": "y", "origin": [37, 0, 15]},
			"faces": {
				"north": {"uv": [2.25, 3, 3.375, 4.375], "texture": "#0"},
				"east": {"uv": [0, 3, 2.25, 4.375], "texture": "#0"},
				"south": {"uv": [5.625, 3, 6.75, 4.375], "texture": "#0"},
				"west": {"uv": [3.375, 3, 5.625, 4.375], "texture": "#0"},
				"up": {"uv": [2.25, 0.75, 3.375, 3], "texture": "#0"},
				"down": {"uv": [3.375, 0.75, 4.5, 3], "rotation": 180, "texture": "#0"}
			}
		},
		{
			"from": [2, -16, -1],
			"to": [7, -5, 17],
			"rotation": {"angle": 0, "axis": "y", "origin": [18, 0, 15]},
			"faces": {
				"north": {"uv": [2.125, 6.5, 2.75, 7.875], "texture": "#0"},
				"east": {"uv": [0, 6.5, 2.25, 7.875], "texture": "#0"},
				"south": {"uv": [5, 6.5, 5.625, 7.875], "texture": "#0"},
				"west": {"uv": [2.75, 6.5, 5, 7.875], "texture": "#0"},
				"up": {"uv": [2.5, 4.625, 2.8125, 5.75], "texture": "#0"},
				"down": {"uv": [2.75, 4.25, 3.375, 6.5], "rotation": 180, "texture": "#0"}
			}
		},
		{
			"from": [7, -16, 1],
			"to": [21, -5, 17],
			"rotation": {"angle": 0, "axis": "y", "origin": [23, 0, 17]},
			"faces": {
				"north": {"uv": [8.75, 3, 10.5, 4.375], "texture": "#0"},
				"east": {"uv": [10.375, 1.875, 11.375, 2.5625], "texture": "#0"},
				"south": {"uv": [12.5, 3, 14.25, 4.375], "texture": "#0"},
				"west": {"uv": [9.25, 1.5, 11.25, 2.875], "texture": "#0"},
				"up": {"uv": [8.75, 1, 10.5, 3], "texture": "#0"},
				"down": {"uv": [10.5, 1, 12.25, 3], "texture": "#0"}
			}
		},
		{
			"from": [7, -16, -1],
			"to": [21, -13, 1],
			"rotation": {"angle": 0, "axis": "y", "origin": [23, 0, 15]},
			"faces": {
				"north": {"uv": [4.75, 1, 6.5, 1.375], "texture": "#0"},
				"east": {"uv": [10.5, 2.125, 10.625, 2.3125], "texture": "#0"},
				"south": {"uv": [9.875, 1.75, 11.625, 2.125], "texture": "#0"},
				"west": {"uv": [10.875, 2.125, 11, 2.3125], "texture": "#0"},
				"up": {"uv": [4.75, 0.75, 6.5, 1], "rotation": 180, "texture": "#0"},
				"down": {"uv": [6.5, 0.75, 8.25, 1], "texture": "#0"}
			}
		},
		{
			"from": [7, -7, -1],
			"to": [21, -5, 1],
			"rotation": {"angle": 0, "axis": "y", "origin": [23, 9, 15]},
			"faces": {
				"north": {"uv": [4.75, 1.625, 6.5, 1.875], "texture": "#0"},
				"east": {"uv": [9.75, 2, 9.875, 2.1875], "texture": "#0"},
				"south": {"uv": [10.625, 2.25, 11.5, 2.4375], "texture": "#0"},
				"west": {"uv": [10.875, 2.5, 11, 2.6875], "texture": "#0"},
				"up": {"uv": [4.75, 1.375, 6.5, 1.625], "rotation": 180, "texture": "#0"},
				"down": {"uv": [6.5, 1.375, 8.25, 1.625], "texture": "#0"}
			}
		},
		{
			"from": [2, -5, 4],
			"to": [30, 29, 17],
			"rotation": {"angle": 0, "axis": "y", "origin": [18, 11, 20]},
			"faces": {
				"north": {"uv": [5.625, 7.875, 9.125, 12.125], "texture": "#0"},
				"east": {"uv": [4, 7.875, 5.625, 12.125], "texture": "#0"},
				"south": {"uv": [10.75, 7.875, 14.25, 12.125], "texture": "#0"},
				"west": {"uv": [9.125, 7.875, 10.75, 12.125], "texture": "#0"},
				"up": {"uv": [5.625, 6.25, 9.125, 7.875], "rotation": 180, "texture": "#0"},
				"down": {"uv": [5.625, 6.25, 9.125, 7.875], "texture": "#0"}
			}
		},
		{
			"from": [26, -5, 2],
			"to": [30, 29, 4],
			"rotation": {"angle": 0, "axis": "y", "origin": [42, 11, 18]},
			"faces": {
				"north": {"uv": [14.75, 4.75, 15.25, 9], "texture": "#0"},
				"east": {"uv": [14.5, 4.75, 14.75, 9], "texture": "#0"},
				"south": {"uv": [14.875, 5.25, 15.125, 7.375], "texture": "#0"},
				"west": {"uv": [15.25, 4.75, 15.5, 9], "texture": "#0"},
				"up": {"uv": [14.75, 4.5, 15.25, 4.75], "rotation": 180, "texture": "#0"},
				"down": {"uv": [14.875, 6.375, 15.125, 6.5], "texture": "#0"}
			}
		},
		{
			"from": [2, -5, 2],
			"to": [6, 29, 4],
			"rotation": {"angle": 0, "axis": "y", "origin": [18, 11, 18]},
			"faces": {
				"north": {"uv": [14.75, 0.25, 15.25, 4.5], "texture": "#0"},
				"east": {"uv": [14.5, 0.25, 14.75, 4.5], "texture": "#0"},
				"south": {"uv": [15, 0.25, 15.25, 2.375], "texture": "#0"},
				"west": {"uv": [15.25, 0.25, 15.5, 4.5], "texture": "#0"},
				"up": {"uv": [14.75, 0, 15.25, 0.25], "rotation": 180, "texture": "#0"},
				"down": {"uv": [14.75, 0, 15.25, 0.25], "texture": "#0"}
			}
		},
		{
			"from": [6, -5, 2],
			"to": [26, -1, 4],
			"rotation": {"angle": 0, "axis": "y", "origin": [22, 11, 18]},
			"faces": {
				"north": {"uv": [0.25, 0.25, 2.75, 0.75], "texture": "#0"},
				"east": {"uv": [11.75, 1.75, 11.875, 2], "texture": "#0"},
				"south": {"uv": [10.75, 2, 12, 2.25], "texture": "#0"},
				"west": {"uv": [10.625, 1.625, 10.75, 1.875], "texture": "#0"},
				"up": {"uv": [0.25, 0, 2.75, 0.25], "rotation": 180, "texture": "#0"},
				"down": {"uv": [9.125, 1.75, 10.375, 1.875], "texture": "#0"}
			}
		},
		{
			"from": [6, 25, 2],
			"to": [26, 29, 4],
			"rotation": {"angle": 0, "axis": "y", "origin": [22, 41, 18]},
			"faces": {
				"north": {"uv": [5.75, 0.25, 8.25, 0.75], "texture": "#0"},
				"east": {"uv": [10.625, 1.625, 10.75, 1.875], "texture": "#0"},
				"south": {"uv": [10.125, 2.125, 11.375, 2.375], "texture": "#0"},
				"west": {"uv": [10.625, 1.875, 10.75, 2.125], "texture": "#0"},
				"up": {"uv": [5.75, 0, 8.25, 0.25], "texture": "#0"},
				"down": {"uv": [8.25, 0, 10.75, 0.25], "texture": "#0"}
			}
		},
		{
			"from": [6, 4, 2],
			"to": [8, 13, 4],
			"rotation": {"angle": 0, "axis": "y", "origin": [22, 20, 18]},
			"faces": {
				"north": {"uv": [0.25, 1, 0.5, 2.125], "texture": "#0"},
				"east": {"uv": [0, 1, 0.25, 2.125], "texture": "#0"},
				"south": {"uv": [9.5, 1.625, 9.625, 2.1875], "texture": "#0"},
				"west": {"uv": [9.75, 1.5, 9.875, 2.0625], "texture": "#0"},
				"up": {"uv": [0.25, 0.75, 0.5, 1], "rotation": 180, "texture": "#0"},
				"down": {"uv": [0.5, 0.75, 0.75, 1], "texture": "#0"}
			}
		}
	]
}