{"elements":[{"from":[7.25,7.75,8.35],"to":[8.75,8.25,8.35],"shade":false,"rotation":{"angle":0,"axis":"y","origin":[6.75,-6.75,10.5]},"faces":{"north":{"uv":[5.75,4,5,4.25],"texture":"#3"},"east":{"uv":[5.75,4,5.75,4.25],"texture":"#3"},"south":{"uv":[6.5,4,5.75,4.25],"texture":"#3"},"west":{"uv":[5,4,5,4.25],"texture":"#3"},"up":{"uv":[5,4,5.75,4],"texture":"#3"},"down":{"uv":[5.75,4,6.5,4],"texture":"#3"}}}],"textures":{"3":"tsf:npc/barney/npc_barney","5":"tsf:npc/barney/blue"},"display":{"head":{"translation":[0,-6.4,0],"scale":[3.2,3.2,3.2],"rotation":[0,180,0]}},"texture_size":[64,64]}