{"elements":[{"from":[7,1.5,7],"to":[9,8,9],"shade":false,"rotation":{"angle":0,"axis":"y","origin":[9,1.5,8]},"faces":{"north":{"uv":[14,1,13,4.25],"texture":"#3"},"east":{"uv":[15,1,14,4.25],"texture":"#3"},"south":{"uv":[16,1,15,4.25],"texture":"#3"},"west":{"uv":[13,1,12,4.25],"texture":"#3"},"up":{"uv":[13,1,14,0],"texture":"#3"},"down":{"uv":[14,0,15,1],"texture":"#3"}}},{"from":[6.95,1.4500000000000002,6.95],"to":[9.05,8.05,9.05],"shade":false,"rotation":{"angle":0,"axis":"y","origin":[9,1.5,8]},"faces":{"north":{"uv":[6,13,5,16],"texture":"#5"},"east":{"uv":[7,13,6,16],"texture":"#5"},"south":{"uv":[8,13,7,16],"texture":"#5"},"west":{"uv":[5,13,4,16],"texture":"#5"},"up":{"uv":[6,12.125,5,15.125],"texture":"#5"},"down":{"uv":[3,4,2,5],"texture":"#5"}}},{"from":[6.875,3.375,6.875],"to":[9.125,5.625,8.125],"shade":false,"rotation":{"angle":0,"axis":"y","origin":[9,1.5,8]},"faces":{"north":{"uv":[9.5,3,8.5,4],"texture":"#3"},"east":{"uv":[10,3,9.5,4],"texture":"#3"},"south":{"uv":[11,3,10,4],"texture":"#3"},"west":{"uv":[8.5,3,8,4],"texture":"#3"},"up":{"uv":[8.5,3,9.5,2.5],"texture":"#3"},"down":{"uv":[9.5,2.5,10.5,3],"texture":"#3"}}}],"textures":{"3":"tsf:npc/barney/npc_barney","5":"tsf:npc/barney/blue"},"display":{"head":{"translation":[0,-6.4,0],"scale":[3.2,3.2,3.2],"rotation":[0,180,0]}},"texture_size":[64,64]}