{"elements":[{"from":[7,7.725000000000001,8],"to":[9,8.225000000000001,8],"shade":false,"rotation":{"angle":0,"axis":"y","origin":[8,-4.774999999999999,10.05]},"faces":{"north":{"uv":[9,2.125,8,2.375],"texture":"#3"},"east":{"uv":[9,2,9,2.25],"texture":"#3"},"south":{"uv":[10,2,9,2.25],"texture":"#3"},"west":{"uv":[8,2,8,2.25],"texture":"#3"},"up":{"uv":[8,2,9,2],"texture":"#3"},"down":{"uv":[9,2,10,2],"texture":"#3"}}}],"textures":{"3":"tsf:npc/barney/npc_barney","5":"tsf:npc/barney/blue"},"display":{"head":{"translation":[0,-6.4,0],"scale":[3.2,3.2,3.2],"rotation":[0,180,0]}},"texture_size":[64,64]}