{"elements":[{"from":[6,8,7],"to":[10,14,9],"rotation":{"angle":0,"axis":"y","origin":[8,1.5,8]},"faces":{"north":{"uv":[1,5,3,8],"texture":"#3"},"east":{"uv":[0,5,1,8],"texture":"#3"},"south":{"uv":[4,5,6,8],"texture":"#3"},"west":{"uv":[3,5,4,8],"texture":"#3"},"up":{"uv":[3,5,1,4],"texture":"#3"},"down":{"uv":[5,4,3,5],"texture":"#3"}}},{"from":[5.925,7.925,6.925],"to":[10.075,14.075,9.075],"rotation":{"angle":0,"axis":"y","origin":[8,1.5,8]},"faces":{"north":{"uv":[5,5,7,8],"texture":"#5"},"east":{"uv":[4,5,5,8],"texture":"#5"},"south":{"uv":[8,5,10,8],"texture":"#5"},"west":{"uv":[7,5,8,8],"texture":"#5"},"up":{"uv":[5,4,7,5],"texture":"#5"},"down":{"uv":[7,4,9,5],"texture":"#5"}}}],"textures":{"3":"tsf:npc/barney/npc_barney","5":"tsf:npc/barney/blue"},"display":{"head":{"translation":[0,-6.4,0],"scale":[3.2,3.2,3.2],"rotation":[0,180,0]}},"texture_size":[64,64]}