{"elements":[{"from":[5.982301029257239,-2.8708712019328395,9.697313476858708],"to":[10.98230102925724,7.1291287980671605,9.697313476858708],"shade":false,"rotation":{"angle":0,"axis":"y","origin":[8,-4.5,8]},"faces":{"north":{"uv":[8.5,11,11,16],"texture":"#3"},"east":{"uv":[8.5,11,8,16],"texture":"#3"},"south":{"uv":[11,11,8.5,16],"texture":"#3"},"west":{"uv":[5.5,11,5,16],"texture":"#3"},"up":{"uv":[5.5,11,8,10.5],"texture":"#3"},"down":{"uv":[8,10.5,10.5,11],"texture":"#3"}}},{"from":[5.982301029257239,7.1291287980671605,8.697313476858708],"to":[10.98230102925724,7.1291287980671605,9.697313476858708],"shade":false,"rotation":{"angle":0,"axis":"y","origin":[8,-4.5,8]},"faces":{"north":{"uv":[8.5,11,11,16],"texture":"#3"},"east":{"uv":[8.5,11,8,16],"texture":"#3"},"south":{"uv":[11,11,8.5,16],"texture":"#3"},"west":{"uv":[5.5,11,5,16],"texture":"#3"},"up":{"uv":[8,11,5.5,10.5],"texture":"#3"},"down":{"uv":[8,11,5.5,10.5],"texture":"#3"}}},{"from":[5.981801029257241,-3.320871201932837,8.697813476858709],"to":[5.981801029257241,7.129128798067162,9.697813476858709],"shade":false,"rotation":{"angle":0,"axis":"y","origin":[7.976962274223902,-4.489106460538995,8.093151424761794]},"faces":{"north":{"uv":[8.5,11,11,16],"texture":"#3"},"east":{"uv":[8.5,11,8.125,16],"texture":"#3"},"south":{"uv":[11,11,8.5,16],"texture":"#3"},"west":{"uv":[8.125,11,8.5,16],"texture":"#3"},"up":{"uv":[5.5,11,8,10.5],"texture":"#3"},"down":{"uv":[8,10.5,10.5,11],"texture":"#3"}}}],"textures":{"3":"tsf:npc/barney/npc_barney","5":"tsf:npc/barney/blue"},"display":{"head":{"translation":[0,-6.4,0],"scale":[3.2,3.2,3.2],"rotation":[0,180,0]}},"texture_size":[64,64]}