{"elements":[{"from":[6,8,6],"to":[10,12,10],"rotation":{"angle":0,"axis":"y","origin":[8,-4.5,8]},"faces":{"north":{"uv":[2,2,4,4],"texture":"#3"},"east":{"uv":[0,2,2,4],"texture":"#3"},"south":{"uv":[6,2,8,4],"texture":"#3"},"west":{"uv":[4,2,6,4],"texture":"#3"},"up":{"uv":[4,2,2,0],"texture":"#3"},"down":{"uv":[6,0,4,2],"texture":"#3"}}},{"from":[6,10.5,5.5],"to":[10,12,6],"rotation":{"angle":0,"axis":"y","origin":[8,-4.5,8]},"faces":{"north":{"uv":[11.75,7.75,13.75,8.5],"texture":"#3"},"east":{"uv":[11.5,7.75,11.75,8.5],"texture":"#3"},"south":{"uv":[14,7.75,16,8.5],"texture":"#3"},"west":{"uv":[13.75,7.75,14,8.5],"texture":"#3"},"up":{"uv":[13.75,7.75,11.75,7.5],"texture":"#3"},"down":{"uv":[15.75,7.5,13.75,7.75],"texture":"#3"}}},{"from":[10,8,6.5],"to":[11.5,10.5,6.5],"shade":false,"rotation":{"angle":22.5,"axis":"x","origin":[8,8,6.5]},"faces":{"north":{"uv":[1.25,0.75,0.5,2],"texture":"#3"},"east":{"uv":[1.25,0.75,1.25,2],"texture":"#3"},"south":{"uv":[0.5,0.75,1.25,2],"texture":"#3"},"west":{"uv":[0.5,0.75,0.5,2],"texture":"#3"},"up":{"uv":[0.5,0.75,1.25,0.75],"texture":"#3"},"down":{"uv":[1.25,0.75,2,0.75],"texture":"#3"}}},{"from":[4.5,8,6.5],"to":[6,10.5,6.5],"rotation":{"angle":22.5,"axis":"x","origin":[8,8,6.5]},"faces":{"north":{"uv":[0.5,0.75,1.25,2],"texture":"#3"},"east":{"uv":[0.5,0.75,0.5,2],"texture":"#3"},"south":{"uv":[1.25,0.75,0.5,2],"texture":"#3"},"west":{"uv":[1.25,0.75,1.25,2],"texture":"#3"},"up":{"uv":[1.25,0.75,0.5,0.75],"texture":"#3"},"down":{"uv":[2,0.75,1.25,0.75],"texture":"#3"}}},{"from":[7.5,12,7],"to":[9.5,13.5,7],"rotation":{"angle":0,"axis":"y","origin":[8,-4.5,8]},"faces":{"north":{"uv":[8.5,0,9.5,0.75],"texture":"#3"},"east":{"uv":[8.5,0,8.5,0.75],"texture":"#3"},"south":{"uv":[9.5,0,8.5,0.75],"texture":"#3"},"west":{"uv":[9.5,0,9.5,0.75],"texture":"#3"},"up":{"uv":[9.5,0,8.5,0],"texture":"#3"},"down":{"uv":[10.5,0,9.5,0],"texture":"#3"}}},{"from":[6.5,9.5,10],"to":[6.5,11,11],"rotation":{"angle":0,"axis":"y","origin":[8,-4.5,8]},"faces":{"north":{"uv":[11.5,0.75,11.5,1.5],"texture":"#3"},"east":{"uv":[12,0.75,11.5,1.5],"texture":"#3"},"south":{"uv":[12,0.75,12,1.5],"texture":"#3"},"west":{"uv":[11.5,0.75,12,1.5],"texture":"#3"},"up":{"uv":[11.5,0.75,11.5,0.25],"texture":"#3"},"down":{"uv":[11.5,0.25,11.5,0.75],"texture":"#3"}}},{"from":[8.5,8.5,10],"to":[8.5,9.5,11],"rotation":{"angle":0,"axis":"y","origin":[8,-4.5,8]},"faces":{"north":{"uv":[10,1.5,10,2],"texture":"#3"},"east":{"uv":[9.5,1.5,10,2],"texture":"#3"},"south":{"uv":[10.5,1.5,10.5,2],"texture":"#3"},"west":{"uv":[10,1.5,9.5,2],"texture":"#3"},"up":{"uv":[10,1.5,10,1],"texture":"#3"},"down":{"uv":[10,1,10,1.5],"texture":"#3"}}},{"from":[6,12,8],"to":[7.5,13.5,8],"rotation":{"angle":0,"axis":"y","origin":[8,-4.5,8]},"faces":{"north":{"uv":[10.5,0,11.25,0.75],"texture":"#3"},"east":{"uv":[10.5,0,10.5,0.75],"texture":"#3"},"south":{"uv":[11.25,0,10.5,0.75],"texture":"#3"},"west":{"uv":[11.25,0,11.25,0.75],"texture":"#3"},"up":{"uv":[11.25,0,10.5,0],"texture":"#3"},"down":{"uv":[12,0,11.25,0],"texture":"#3"}}},{"from":[10,10,8],"to":[11.5,11.5,8],"rotation":{"angle":0,"axis":"y","origin":[8,-4.5,8]},"faces":{"north":{"uv":[9.5,0.75,10.25,1.5],"texture":"#3"},"east":{"uv":[9.5,0.75,9.5,1.5],"texture":"#3"},"south":{"uv":[10.25,0.75,9.5,1.5],"texture":"#3"},"west":{"uv":[10.25,0.75,10.25,1.5],"texture":"#3"},"up":{"uv":[10.25,0.75,9.5,0.75],"texture":"#3"},"down":{"uv":[11,0.75,10.25,0.75],"texture":"#3"}}},{"from":[4.5,10,8.5],"to":[6,11.5,8.5],"rotation":{"angle":0,"axis":"y","origin":[8,-4.5,8]},"faces":{"north":{"uv":[8.5,4,9.25,4.75],"texture":"#3"},"east":{"uv":[8.5,4,8.5,4.75],"texture":"#3"},"south":{"uv":[9.25,4,8.5,4.75],"texture":"#3"},"west":{"uv":[9.25,4,9.25,4.75],"texture":"#3"},"up":{"uv":[9.25,4,8.5,4],"texture":"#3"},"down":{"uv":[10,4,9.25,4],"texture":"#3"}}},{"from":[6,6.5,6],"to":[10,8,7],"rotation":{"angle":0,"axis":"y","origin":[8,-4.5,8]},"faces":{"north":{"uv":[11.5,4.75,13.5,5.5],"texture":"#3"},"east":{"uv":[11,4.75,11.5,5.5],"texture":"#3"},"south":{"uv":[14,4.75,16,5.5],"texture":"#3"},"west":{"uv":[13.5,4.75,14,5.5],"texture":"#3"},"up":{"uv":[13.5,4.75,11.5,4.25],"texture":"#3"},"down":{"uv":[15.5,4.25,13.5,4.75],"texture":"#3"}}},{"from":[8.5,9,5.95],"to":[10,10,5.95],"shade":false,"rotation":{"angle":0,"axis":"y","origin":[8,-4.5,8]},"faces":{"north":{"uv":[5.75,4.25,5,4.75],"texture":"#3"},"east":{"uv":[5.75,4.25,5.75,4.75],"texture":"#3"},"south":{"uv":[6.5,4.25,5.75,4.75],"texture":"#3"},"west":{"uv":[5,4.25,5,4.75],"texture":"#3"},"up":{"uv":[5,4.25,5.75,4.25],"texture":"#3"},"down":{"uv":[5.75,4.25,6.5,4.25],"texture":"#3"}}},{"from":[6,9,5.95],"to":[7.5,10,5.95],"rotation":{"angle":0,"axis":"y","origin":[8,-4.5,8]},"faces":{"north":{"uv":[5,4.25,5.75,4.75],"texture":"#3"},"east":{"uv":[5,4.25,5,4.75],"texture":"#3"},"south":{"uv":[5.75,4.25,6.5,4.75],"texture":"#3"},"west":{"uv":[5.75,4.25,5.75,4.75],"texture":"#3"},"up":{"uv":[5.75,4.25,5,4.25],"texture":"#3"},"down":{"uv":[6.5,4.25,5.75,4.25],"texture":"#3"}}}],"textures":{"3":"tsf:npc/barney/npc_barney","6":"tsf:npc/barney/brown"},"display":{"head":{"translation":[0,-6.4,0],"scale":[3.2,3.2,3.2],"rotation":[0,180,0]}},"texture_size":[64,64]}