{"elements":[{"from":[6.375,6.375,6.875],"to":[8.125,8.625,9.125],"shade":false,"rotation":{"angle":0,"axis":"y","origin":[10,-4,8]},"faces":{"north":{"uv":[14.25,6.5,13.5,7.5],"rotation":90,"texture":"#3"},"east":{"uv":[15.25,6.5,14.25,7.5],"texture":"#3"},"south":{"uv":[16,6.5,15.25,7.5],"texture":"#3"},"west":{"uv":[13.5,6.5,12.5,7.5],"texture":"#3"},"up":{"uv":[13.5,6.5,14.25,5.5],"texture":"#3"},"down":{"uv":[14.25,5.5,15,6.5],"texture":"#3"}}},{"from":[5.75,7.574999999999999,6.75],"to":[8.125,8.625,9.25],"shade":false,"rotation":{"angle":0,"axis":"y","origin":[9.5,-4,8]},"faces":{"north":{"uv":[13,1.5,12,2],"texture":"#6"},"east":{"uv":[15.25,6.5,14.25,7.5],"texture":"#6"},"south":{"uv":[16,1.5,15,2],"texture":"#6"},"west":{"uv":[11.875,1.5,10.625,2],"texture":"#6"},"up":{"uv":[12,1.375,12.75,0.125],"texture":"#6"}}},{"from":[5.75,6.325000000000003,6.75],"to":[6.625,7.575000000000003,9.25],"shade":false,"rotation":{"angle":0,"axis":"y","origin":[9.5,-5.050000000000001,8]},"faces":{"north":{"uv":[8.75,1.5,8.375,2],"texture":"#6"},"east":{"uv":[15.25,6.5,14.25,7.5],"texture":"#6"},"south":{"uv":[10.5,1.5,10.125,2],"texture":"#6"},"west":{"uv":[8.375,1.5,7.125,2],"texture":"#6"},"down":{"uv":[14.25,5.5,15,6.5],"texture":"#6"}}},{"from":[6.5,2,7],"to":[8,3.5,9],"shade":false,"rotation":{"angle":0,"axis":"y","origin":[10,-4,8]},"faces":{"north":{"uv":[7.75,1.25,7,2],"texture":"#3"},"east":{"uv":[8.75,1.25,7.75,2],"texture":"#3"},"south":{"uv":[9.5,1.25,8.75,2],"texture":"#3"},"west":{"uv":[7,1.25,6,2],"texture":"#3"},"up":{"uv":[7,1.25,7.75,0.25],"texture":"#3"},"down":{"uv":[7.75,0.25,8.5,1.25],"texture":"#3"}}},{"from":[6.5,3.5,7],"to":[8,8.5,9],"shade":false,"rotation":{"angle":0,"axis":"y","origin":[10,-4,8]},"faces":{"north":{"uv":[7.75,5,7,7.5],"texture":"#3"},"east":{"uv":[8.75,5,7.75,7.5],"texture":"#3"},"south":{"uv":[9.5,5,8.75,7.5],"texture":"#3"},"west":{"uv":[7,5,6,7.5],"texture":"#3"},"up":{"uv":[7,5,7.75,4],"texture":"#3"},"down":{"uv":[7.75,4,8.5,5],"texture":"#3"}}},{"from":[5.95,1.9500000000000002,6.95],"to":[8.05,8.55,9.05],"shade":false,"rotation":{"angle":0,"axis":"y","origin":[10,-4,8]},"faces":{"north":{"uv":[12,5,11,8],"texture":"#6"},"east":{"uv":[12,5,11,8],"texture":"#6"},"south":{"uv":[14,5,13,8],"texture":"#6"},"west":{"uv":[11,5,10,8],"texture":"#6"},"up":{"uv":[12,4,11,5],"texture":"#6"},"down":{"uv":[13,4,12,5],"rotation":180,"texture":"#6"}}}],"textures":{"3":"tsf:npc/barney/npc_barney","6":"tsf:npc/barney/brown"},"display":{"head":{"translation":[0,-6.4,0],"scale":[3.2,3.2,3.2],"rotation":[0,180,0]}},"texture_size":[64,64]}