{
	"credit": "Made with Blockbench",
	"parent": "item/halfsize",
	"texture_size": [1024, 1024],
	"textures": {
		"0": "item/keyart",
		"particle": "item/keyart"
	},
	"elements": [
		{
			"from": [-16, -16, 15.9],
			"to": [32, 32, 15.9],
			"rotation": {"angle": 0, "axis": "y", "origin": [8, 11.5, 23.75]},
			"faces": {
				"north": {"uv": [0, 0, 12, 12.59375], "texture": "#0"},
				"east": {"uv": [0, 0, 0, 0.5], "texture": "#0"},
				"south": {"uv": [0, 0, 15.96875, 0.03125], "texture": "#0"},
				"west": {"uv": [0, 0, 0, 0.5], "texture": "#0"},
				"up": {"uv": [0, 0, 0.5, 0], "texture": "#0"},
				"down": {"uv": [0, 0, 0.5, 0], "texture": "#0"}
			}
		}
	]
}