{
    "variants": {
        "age=0":    { "model": "block/monitor/boat", "y": 0, "uvlock": false },
        "age=1":    { "model": "block/monitor/boat", "y": 90, "uvlock": false },
        "age=2":    { "model": "block/monitor/boat", "y": 180, "uvlock": false },
        "age=3":    { "model": "block/monitor/boat", "y": 270, "uvlock": false },
        "age=4":    { "model": "block/monitor/glitch", "y": 0, "uvlock": false },
        "age=5":    { "model": "block/monitor/glitch", "y": 90, "uvlock": false },
        "age=6":    { "model": "block/monitor/glitch", "y": 180, "uvlock": false },
        "age=7":    { "model": "block/monitor/glitch", "y": 270, "uvlock": false }
    }
}