{
    "variants": {
        "half=top,facing=north": { "model": "block/vending_red", "y": 180, "uvlock": false},
        "half=top,facing=south": { "model": "block/vending_red", "y": 90, "uvlock": false},
        "half=top,facing=east": { "model": "block/table_a",  "uvlock": false},
        "half=top,facing=west": { "model": "block/vending_blue", "y": 180, "uvlock": false},

				"half=bottom,facing=north": { "model": "block/vending_red", "y": 180, "uvlock": false},
        "half=bottom,facing=south": { "model": "block/vending_red", "y": 90, "uvlock": false},
        "half=bottom,facing=east": { "model": "block/vending_blue",  "uvlock": false},
        "half=bottom,facing=west": { "model": "block/vending_red", "uvlock": false}
    }
}
