{
	"credit": "Made with Blockbench",
	"parent": "item/halfsize",
	"texture_size": [1024, 1024],
	"textures": {
		"0": "item/social_banner",
		"particle": "item/social_banner"
	},
	"elements": [
		{
			"from": [0, -16, 14],
			"to": [32, 23, 16],
			"rotation": {"angle": 0, "axis": "y", "origin": [8, -8, 23]},
			"faces": {
				"north": {"uv": [5.0625, 0.25, 8.26563, 4.25], "texture": "#0"},
				"east": {"uv": [8.23438, 2.0625, 8.25, 2.3125], "texture": "#0"},
				"south": {"uv": [12.89063, 2.48438, 13.39063, 2.73438], "texture": "#0"},
				"west": {"uv": [0.04688, 1.45313, 0.0625, 1.70313], "texture": "#0"},
				"up": {"uv": [3.48438, 0.21875, 3.98438, 0.23438], "texture": "#0"},
				"down": {"uv": [11.14063, 0.14063, 11.64063, 0.15625], "texture": "#0"}
			}
		}
	],
	"display": {
		"head": {
			"translation": [0, -25, 0],
			"scale": [2.665, 2.665, 2.665]
		}
	}
}