{
	"credit": "Made with Blockbench",
	"texture_size": [64, 64],
	"textures": {
		"0": "item/office_props/b",
		"particle": "item/office_props/b"
	},
	"elements": [
		{
			"from": [2.25, -0.25, 1],
			"to": [15.25, 0.75, 9],
			"rotation": {"angle": -22.5, "axis": "y", "origin": [2.25, -0.25, 1]},
			"faces": {
				"north": {"uv": [2, 2, 5.25, 2.25], "texture": "#0"},
				"east": {"uv": [5.25, 2, 7.25, 2.25], "texture": "#0"},
				"south": {"uv": [7.25, 2, 10.5, 2.25], "texture": "#0"},
				"west": {"uv": [0, 2, 2, 2.25], "texture": "#0"},
				"up": {"uv": [2, 0, 5.25, 2], "texture": "#0"},
				"down": {"uv": [5.25, 0, 8.5, 2], "texture": "#0"}
			}
		},
		{
			"from": [3.25, 0, 2],
			"to": [14.25, 1, 8],
			"rotation": {"angle": -22.5, "axis": "y", "origin": [2.25, -0.25, 1]},
			"faces": {
				"north": {"uv": [8.75, 14.75, 11.5, 15], "texture": "#0"},
				"east": {"uv": [11.75, 14.75, 13.25, 15], "texture": "#0"},
				"south": {"uv": [13.25, 14.75, 16, 15], "texture": "#0"},
				"west": {"uv": [7.25, 14.75, 8.75, 15], "texture": "#0"},
				"up": {"uv": [9, 13.25, 11.75, 14.75], "texture": "#0"},
				"down": {"uv": [11.75, 13.25, 14.5, 14.75], "texture": "#0"}
			}
		},
		{
			"from": [13.5, -0.75, 3],
			"to": [15.5, 1.25, 7],
			"rotation": {"angle": -22.5, "axis": "y", "origin": [2.25, -0.25, 1]},
			"faces": {
				"north": {"uv": [1, 6.5, 1.5, 7], "texture": "#0"},
				"east": {"uv": [1.5, 6.5, 2.5, 7], "texture": "#0"},
				"south": {"uv": [2.5, 6.5, 3, 7], "texture": "#0"},
				"west": {"uv": [0, 6.5, 1, 7], "texture": "#0"},
				"up": {"uv": [1, 5.5, 1.5, 6.5], "texture": "#0"},
				"down": {"uv": [1.5, 5.5, 2, 6.5], "texture": "#0"}
			}
		},
		{
			"from": [15.5, -0.25, 4],
			"to": [16.5, 0.75, 6],
			"rotation": {"angle": -22.5, "axis": "y", "origin": [2.25, -0.25, 1]},
			"faces": {
				"north": {"uv": [0.5, 0.5, 0.75, 0.75], "texture": "#0"},
				"east": {"uv": [0.75, 0.5, 1.25, 0.75], "texture": "#0"},
				"south": {"uv": [1.25, 0.5, 1.5, 0.75], "texture": "#0"},
				"west": {"uv": [0, 0.5, 0.5, 0.75], "texture": "#0"},
				"up": {"uv": [0.5, 0, 0.75, 0.5], "texture": "#0"},
				"down": {"uv": [0.75, 0, 1, 0.5], "texture": "#0"}
			}
		},
		{
			"from": [0.5, 0.75, 1],
			"to": [11.5, 0.95, 7],
			"rotation": {"angle": 0, "axis": "y", "origin": [2.25, -0.25, 1]},
			"faces": {
				"north": {"uv": [6.75, 12, 9.5, 12.05], "texture": "#0"},
				"east": {"uv": [9, 12, 11.75, 12.05], "texture": "#0"},
				"south": {"uv": [8.25, 12.25, 11, 12.3], "texture": "#0"},
				"west": {"uv": [8.75, 12, 11.5, 12.05], "texture": "#0"},
				"up": {"uv": [9, 12.75, 11.75, 14.25], "texture": "#0"},
				"down": {"uv": [11.75, 12.75, 14.5, 14.25], "texture": "#0"}
			}
		}
	],
	"groups": [
		{
			"name": "group",
			"origin": [8, 8, 8],
			"children": [0, 1, 2, 3, 4]
		}
	]
}