{
	"credit": "Made with Blockbench",
    "parent":"item/fullsize",
	"texture_size": [32, 32],
	"textures": {
		"0": "item/office_props/c",
		"particle": "item/office_props/c"
	},
	"elements": [
		{
			"from": [3, 0, 8.25],
			"to": [7, 4, 12.25],
			"rotation": {"angle": -22.5, "axis": "y", "origin": [11, 8, 16.25]},
			"faces": {
				"north": {"uv": [7, 2, 9, 4], "texture": "#0"},
				"east": {"uv": [13, 2, 15, 4], "texture": "#0"},
				"south": {"uv": [9, 2, 11, 4], "texture": "#0"},
				"west": {"uv": [11, 2, 13, 4], "texture": "#0"},
				"up": {"uv": [9, 0, 11, 2], "texture": "#0"},
				"down": {"uv": [11, 0, 13, 2], "texture": "#0"}
			}
		},
		{
			"from": [2, 3, 7.25],
			"to": [3, 9, 13.25],
			"rotation": {"angle": -22.5, "axis": "y", "origin": [11, 8, 16.25]},
			"faces": {
				"north": {"uv": [7, 7, 7.5, 10], "texture": "#0"},
				"east": {"uv": [4, 7, 7, 10], "texture": "#0"},
				"south": {"uv": [10.5, 7, 11, 10], "texture": "#0"},
				"west": {"uv": [7.5, 7, 10.5, 10], "texture": "#0"},
				"up": {"uv": [7, 4, 7.5, 7], "texture": "#0"},
				"down": {"uv": [7.5, 4, 8, 7], "texture": "#0"}
			}
		},
		{
			"from": [7, 3, 7.25],
			"to": [8, 9, 13.25],
			"rotation": {"angle": -22.5, "axis": "y", "origin": [11, 8, 16.25]},
			"faces": {
				"north": {"uv": [3, 3, 3.5, 6], "texture": "#0"},
				"east": {"uv": [0, 3, 3, 6], "texture": "#0"},
				"south": {"uv": [6.5, 3, 7, 6], "texture": "#0"},
				"west": {"uv": [3.5, 3, 6.5, 6], "texture": "#0"},
				"up": {"uv": [3, 0, 3.5, 3], "texture": "#0"},
				"down": {"uv": [3.5, 0, 4, 3], "texture": "#0"}
			}
		},
		{
			"from": [3, 3, 12.25],
			"to": [7, 9, 13.25],
			"rotation": {"angle": -22.5, "axis": "y", "origin": [11, 8, 16.25]},
			"faces": {
				"north": {"uv": [0.5, 10.5, 2.5, 13.5], "texture": "#0"},
				"east": {"uv": [2.5, 10.5, 3, 13.5], "texture": "#0"},
				"south": {"uv": [3, 10.5, 5, 13.5], "texture": "#0"},
				"west": {"uv": [0, 10.5, 0.5, 13.5], "texture": "#0"},
				"up": {"uv": [0.5, 10, 2.5, 10.5], "texture": "#0"},
				"down": {"uv": [2.5, 10, 4.5, 10.5], "texture": "#0"}
			}
		},
		{
			"from": [3, 3, 7.25],
			"to": [7, 9, 8.25],
			"rotation": {"angle": -22.5, "axis": "y", "origin": [11, 8, 16.25]},
			"faces": {
				"north": {"uv": [5.5, 10.5, 7.5, 13.5], "texture": "#0"},
				"east": {"uv": [7.5, 10.5, 8, 13.5], "texture": "#0"},
				"south": {"uv": [8, 10.5, 10, 13.5], "texture": "#0"},
				"west": {"uv": [5, 10.5, 5.5, 13.5], "texture": "#0"},
				"up": {"uv": [5.5, 10, 7.5, 10.5], "texture": "#0"},
				"down": {"uv": [7.5, 10, 9.5, 10.5], "texture": "#0"}
			}
		},
		{
			"from": [4, 7, 4.25],
			"to": [6, 9, 7.25],
			"rotation": {"angle": -22.5, "axis": "y", "origin": [11, 8, 16.25]},
			"faces": {
				"north": {"uv": [9.5, 5.5, 10.5, 6.5], "texture": "#0"},
				"east": {"uv": [8, 5.5, 9.5, 6.5], "texture": "#0"},
				"south": {"uv": [12, 5.5, 13, 6.5], "texture": "#0"},
				"west": {"uv": [10.5, 5.5, 12, 6.5], "texture": "#0"},
				"up": {"uv": [9.5, 4, 10.5, 5.5], "texture": "#0"},
				"down": {"uv": [10.5, 4, 11.5, 5.5], "texture": "#0"}
			}
		},
		{
			"from": [4, 4, 4.25],
			"to": [6, 7, 6.25],
			"rotation": {"angle": -22.5, "axis": "y", "origin": [11, 8, 16.25]},
			"faces": {
				"north": {"uv": [1, 7, 2, 8.5], "texture": "#0"},
				"east": {"uv": [0, 7, 1, 8.5], "texture": "#0"},
				"south": {"uv": [3, 7, 4, 8.5], "texture": "#0"},
				"west": {"uv": [2, 7, 3, 8.5], "texture": "#0"},
				"up": {"uv": [1, 6, 2, 7], "texture": "#0"},
				"down": {"uv": [2, 6, 3, 7], "texture": "#0"}
			}
		}
	],
	"groups": [
		{
			"name": "group",
			"origin": [8, 8, 8],
			"children": [0, 1, 2, 3, 4, 5, 6]
		}
	]
}