{
	"credit": "Made with Blockbench",
	"parent": "item/fullsize",
	"texture_size": [64, 64],
	"textures": {
		"0": "item/office_props/d",
		"particle": "item/office_props/d"
	},
	"elements": [
		{
			"from": [2, 0, 4],
			"to": [14, 1, 11],
			"rotation": {"angle": 0, "axis": "y", "origin": [10, 8, 12]},
			"faces": {
				"north": {"uv": [1.75, 1.75, 4.75, 2], "texture": "#0"},
				"east": {"uv": [4.75, 1.75, 6.5, 2], "texture": "#0"},
				"south": {"uv": [6.5, 1.75, 9.5, 2], "texture": "#0"},
				"west": {"uv": [0, 1.75, 1.75, 2], "texture": "#0"},
				"up": {"uv": [1.75, 0, 4.75, 1.75], "texture": "#0"},
				"down": {"uv": [4.75, 0, 7.75, 1.75], "texture": "#0"}
			}
		},
		{
			"from": [12.5, 1, 4.5],
			"to": [13.5, 1.5, 7],
			"rotation": {"angle": 0, "axis": "y", "origin": [20.5, 9, 12.5]},
			"faces": {
				"north": {"uv": [10.25, 7.5, 10.5, 7.625], "texture": "#0"},
				"east": {"uv": [11.25, 7, 11.875, 7.125], "texture": "#0"},
				"south": {"uv": [10.75, 7, 11, 7.125], "texture": "#0"},
				"west": {"uv": [11, 7, 11.625, 7.125], "texture": "#0"},
				"up": {"uv": [10.75, 6.75, 11, 7.375], "texture": "#0"},
				"down": {"uv": [11.5, 7, 11.75, 7.625], "texture": "#0"}
			}
		},
		{
			"from": [12.5, 1, 7.5],
			"to": [13.5, 1.5, 8.5],
			"rotation": {"angle": 0, "axis": "y", "origin": [20.5, 9, 15.5]},
			"faces": {
				"north": {"uv": [10.75, 7.25, 11, 7.375], "texture": "#0"},
				"east": {"uv": [10.75, 7, 11, 7.125], "texture": "#0"},
				"south": {"uv": [11.75, 7.5, 12, 7.625], "texture": "#0"},
				"west": {"uv": [11.25, 6.75, 11.5, 6.875], "texture": "#0"},
				"up": {"uv": [11, 7.25, 11.25, 7.5], "texture": "#0"},
				"down": {"uv": [10.75, 6.75, 11, 7], "texture": "#0"}
			}
		},
		{
			"from": [3, 1, 4.5],
			"to": [4, 1.5, 5.5],
			"rotation": {"angle": 0, "axis": "y", "origin": [11, 9, 12.5]},
			"faces": {
				"north": {"uv": [11, 7.75, 11.25, 7.875], "texture": "#0"},
				"east": {"uv": [11.25, 7, 11.5, 7.125], "texture": "#0"},
				"south": {"uv": [11.5, 7, 11.75, 7.125], "texture": "#0"},
				"west": {"uv": [11.25, 6.75, 11.5, 6.875], "texture": "#0"},
				"up": {"uv": [11.25, 6.75, 11.5, 7], "texture": "#0"},
				"down": {"uv": [11.5, 6.75, 11.75, 7], "texture": "#0"}
			}
		},
		{
			"from": [5, 1, 9],
			"to": [6, 1.5, 10],
			"rotation": {"angle": 0, "axis": "y", "origin": [13, 9, 17]},
			"faces": {
				"north": {"uv": [11.25, 4.75, 11.5, 4.875], "texture": "#0"},
				"east": {"uv": [11.5, 4.5, 11.75, 4.625], "texture": "#0"},
				"south": {"uv": [11, 4.5, 11.25, 4.625], "texture": "#0"},
				"west": {"uv": [11, 4.25, 11.25, 4.375], "texture": "#0"},
				"up": {"uv": [11.25, 4.25, 11.5, 4.5], "texture": "#0"},
				"down": {"uv": [11.25, 4.25, 11.5, 4.5], "texture": "#0"}
			}
		},
		{
			"from": [6.5, 1, 7.5],
			"to": [7.5, 1.5, 8.5],
			"rotation": {"angle": 0, "axis": "y", "origin": [14.5, 9, 15.5]},
			"faces": {
				"north": {"uv": [10.75, 4.5, 11, 4.625], "texture": "#0"},
				"east": {"uv": [11.25, 4.25, 11.5, 4.375], "texture": "#0"},
				"south": {"uv": [11.25, 4.5, 11.5, 4.625], "texture": "#0"},
				"west": {"uv": [11, 4.5, 11.25, 4.625], "texture": "#0"},
				"up": {"uv": [11, 4.5, 11.25, 4.75], "texture": "#0"},
				"down": {"uv": [11, 4.25, 11.25, 4.5], "texture": "#0"}
			}
		},
		{
			"from": [6.5, 1, 4.5],
			"to": [7.5, 1.5, 7],
			"rotation": {"angle": 0, "axis": "y", "origin": [14.5, 9, 12.5]},
			"faces": {
				"north": {"uv": [11.75, 7.5, 12, 7.625], "texture": "#0"},
				"east": {"uv": [11.25, 7.5, 11.875, 7.625], "texture": "#0"},
				"south": {"uv": [10.75, 6.75, 11, 6.875], "texture": "#0"},
				"west": {"uv": [10.5, 7.5, 11.125, 7.625], "texture": "#0"},
				"up": {"uv": [10.75, 6.75, 11, 7.375], "texture": "#0"},
				"down": {"uv": [11.75, 7.25, 12, 7.875], "texture": "#0"}
			}
		},
		{
			"from": [6.5, 1, 9],
			"to": [7.5, 1.5, 10],
			"rotation": {"angle": 0, "axis": "y", "origin": [14.5, 9, 17]},
			"faces": {
				"north": {"uv": [11, 4.25, 11.25, 4.375], "texture": "#0"},
				"east": {"uv": [11, 4.5, 11.25, 4.625], "texture": "#0"},
				"south": {"uv": [11, 4.75, 11.25, 4.875], "texture": "#0"},
				"west": {"uv": [11, 4.5, 11.25, 4.625], "texture": "#0"},
				"up": {"uv": [11.25, 4.75, 11.5, 5], "texture": "#0"},
				"down": {"uv": [11, 4.25, 11.25, 4.5], "texture": "#0"}
			}
		},
		{
			"from": [8.25, 1, 9],
			"to": [9.75, 1.5, 10],
			"rotation": {"angle": 0, "axis": "y", "origin": [16.25, 9, 17]},
			"faces": {
				"north": {"uv": [8, 4.25, 8.375, 4.375], "texture": "#0"},
				"east": {"uv": [7.5, 4, 7.75, 4.125], "texture": "#0"},
				"south": {"uv": [7.75, 4.75, 8.125, 4.875], "texture": "#0"},
				"west": {"uv": [7.25, 4, 7.5, 4.125], "texture": "#0"},
				"up": {"uv": [7.5, 4.5, 7.875, 4.75], "texture": "#0"},
				"down": {"uv": [7.75, 4.25, 8.125, 4.5], "texture": "#0"}
			}
		},
		{
			"from": [10, 1, 9],
			"to": [11.5, 1.5, 10],
			"rotation": {"angle": 0, "axis": "y", "origin": [18, 9, 17]},
			"faces": {
				"north": {"uv": [8, 4.25, 8.375, 4.375], "texture": "#0"},
				"east": {"uv": [7.5, 4.75, 7.75, 4.875], "texture": "#0"},
				"south": {"uv": [7.5, 4.25, 7.875, 4.375], "texture": "#0"},
				"west": {"uv": [8.5, 4.25, 8.75, 4.375], "texture": "#0"},
				"up": {"uv": [7.5, 4.25, 7.875, 4.5], "texture": "#0"},
				"down": {"uv": [7.75, 4, 8.125, 4.25], "texture": "#0"}
			}
		},
		{
			"from": [8.25, 1, 7.5],
			"to": [9.75, 1.5, 8.5],
			"rotation": {"angle": 0, "axis": "y", "origin": [16.25, 9, 15.5]},
			"faces": {
				"north": {"uv": [7.25, 4.25, 7.625, 4.375], "texture": "#0"},
				"east": {"uv": [7.75, 4, 8, 4.125], "texture": "#0"},
				"south": {"uv": [8, 4.25, 8.375, 4.375], "texture": "#0"},
				"west": {"uv": [8, 4.25, 8.25, 4.375], "texture": "#0"},
				"up": {"uv": [8, 4.25, 8.375, 4.375], "texture": "#0"},
				"down": {"uv": [7.5, 4.25, 7.875, 4.5], "texture": "#0"}
			}
		},
		{
			"from": [10, 1, 6],
			"to": [11.5, 1.5, 7],
			"rotation": {"angle": 0, "axis": "y", "origin": [18, 9, 14]},
			"faces": {
				"north": {"uv": [7.5, 4.25, 7.875, 4.375], "texture": "#0"},
				"east": {"uv": [7.5, 4.5, 7.75, 4.625], "texture": "#0"},
				"south": {"uv": [7.75, 4.25, 8.125, 4.375], "texture": "#0"},
				"west": {"uv": [7.75, 4, 8, 4.125], "texture": "#0"},
				"up": {"uv": [8, 4.25, 8.375, 4.5], "texture": "#0"},
				"down": {"uv": [8, 4.25, 8.375, 4.5], "texture": "#0"}
			}
		},
		{
			"from": [8.25, 1, 6],
			"to": [9.75, 1.5, 7],
			"rotation": {"angle": 0, "axis": "y", "origin": [16.25, 9, 14]},
			"faces": {
				"north": {"uv": [7.5, 4.25, 7.875, 4.375], "texture": "#0"},
				"east": {"uv": [8, 4.25, 8.25, 4.375], "texture": "#0"},
				"south": {"uv": [7.75, 4.5, 8.125, 4.625], "texture": "#0"},
				"west": {"uv": [8.25, 4.25, 8.5, 4.375], "texture": "#0"},
				"up": {"uv": [7.5, 3.75, 7.875, 4], "texture": "#0"},
				"down": {"uv": [8, 4.25, 8.375, 4.5], "texture": "#0"}
			}
		},
		{
			"from": [10, 1, 7.5],
			"to": [11.5, 1.5, 8.5],
			"rotation": {"angle": 0, "axis": "y", "origin": [18, 9, 15.5]},
			"faces": {
				"north": {"uv": [7.5, 4, 7.875, 4.125], "texture": "#0"},
				"east": {"uv": [8, 4.25, 8.25, 4.375], "texture": "#0"},
				"south": {"uv": [7.75, 4, 8.125, 4.125], "texture": "#0"},
				"west": {"uv": [7.75, 4.25, 8, 4.375], "texture": "#0"},
				"up": {"uv": [7.5, 4.25, 7.875, 4.375], "texture": "#0"},
				"down": {"uv": [7.25, 4, 7.625, 4.25], "texture": "#0"}
			}
		},
		{
			"from": [5, 1, 7.5],
			"to": [6, 1.5, 8.5],
			"rotation": {"angle": 0, "axis": "y", "origin": [13, 9, 15.5]},
			"faces": {
				"north": {"uv": [11.25, 4.5, 11.5, 4.625], "texture": "#0"},
				"east": {"uv": [11.5, 4.5, 11.75, 4.625], "texture": "#0"},
				"south": {"uv": [11.5, 4.5, 11.75, 4.625], "texture": "#0"},
				"west": {"uv": [11.5, 4.5, 11.75, 4.625], "texture": "#0"},
				"up": {"uv": [11, 4.75, 11.25, 5], "texture": "#0"},
				"down": {"uv": [11.25, 4.5, 11.5, 4.75], "texture": "#0"}
			}
		},
		{
			"from": [3.5, 1, 9],
			"to": [4.5, 1.5, 10],
			"rotation": {"angle": 0, "axis": "y", "origin": [11.5, 9, 17]},
			"faces": {
				"north": {"uv": [11.25, 4.75, 11.5, 4.875], "texture": "#0"},
				"east": {"uv": [11.75, 4.75, 12, 4.875], "texture": "#0"},
				"south": {"uv": [11.75, 4.75, 12, 4.875], "texture": "#0"},
				"west": {"uv": [11, 4.75, 11.25, 4.875], "texture": "#0"},
				"up": {"uv": [11.25, 4.5, 11.5, 4.75], "texture": "#0"},
				"down": {"uv": [11, 4.5, 11.25, 4.75], "texture": "#0"}
			}
		},
		{
			"from": [3.5, 1, 7.5],
			"to": [4.5, 1.5, 8.5],
			"rotation": {"angle": 0, "axis": "y", "origin": [11.5, 9, 15.5]},
			"faces": {
				"north": {"uv": [11, 4.5, 11.25, 4.625], "texture": "#0"},
				"east": {"uv": [11.25, 4.5, 11.5, 4.625], "texture": "#0"},
				"south": {"uv": [11.25, 4.5, 11.5, 4.625], "texture": "#0"},
				"west": {"uv": [11.5, 4.5, 11.75, 4.625], "texture": "#0"},
				"up": {"uv": [11.25, 5, 11.5, 5.25], "texture": "#0"},
				"down": {"uv": [11.25, 4.5, 11.5, 4.75], "texture": "#0"}
			}
		},
		{
			"from": [3, 1, 6],
			"to": [4, 1.5, 7],
			"rotation": {"angle": 0, "axis": "y", "origin": [11, 9, 14]},
			"faces": {
				"north": {"uv": [11.25, 7.25, 11.5, 7.375], "texture": "#0"},
				"east": {"uv": [11.75, 7, 12, 7.125], "texture": "#0"},
				"south": {"uv": [11.25, 7, 11.5, 7.125], "texture": "#0"},
				"west": {"uv": [11.75, 7.5, 12, 7.625], "texture": "#0"},
				"up": {"uv": [11.25, 7.25, 11.5, 7.5], "texture": "#0"},
				"down": {"uv": [10.75, 7, 11, 7.25], "texture": "#0"}
			}
		},
		{
			"from": [4.5, 1, 4.5],
			"to": [5.5, 1.5, 5.5],
			"rotation": {"angle": 0, "axis": "y", "origin": [12.5, 9, 12.5]},
			"faces": {
				"north": {"uv": [11.25, 7.25, 11.5, 7.375], "texture": "#0"},
				"east": {"uv": [11, 7.5, 11.25, 7.625], "texture": "#0"},
				"south": {"uv": [10.75, 6.75, 11, 6.875], "texture": "#0"},
				"west": {"uv": [11.25, 7.5, 11.5, 7.625], "texture": "#0"},
				"up": {"uv": [11, 6.75, 11.25, 7], "texture": "#0"},
				"down": {"uv": [10.75, 6.75, 11, 7], "texture": "#0"}
			}
		},
		{
			"from": [4.5, 1, 6],
			"to": [5.5, 1.5, 7],
			"rotation": {"angle": 0, "axis": "y", "origin": [12.5, 9, 14]},
			"faces": {
				"north": {"uv": [11.25, 7.25, 11.5, 7.375], "texture": "#0"},
				"east": {"uv": [11.25, 7.5, 11.5, 7.625], "texture": "#0"},
				"south": {"uv": [11.5, 7.25, 11.75, 7.375], "texture": "#0"},
				"west": {"uv": [11, 6.75, 11.25, 6.875], "texture": "#0"},
				"up": {"uv": [11.5, 7.25, 11.75, 7.5], "texture": "#0"},
				"down": {"uv": [11.25, 7, 11.5, 7.25], "texture": "#0"}
			}
		},
		{
			"from": [12.5, 1, 9],
			"to": [13.5, 1.5, 10],
			"rotation": {"angle": 0, "axis": "y", "origin": [20.5, 9, 17]},
			"faces": {
				"north": {"uv": [11.25, 7, 11.5, 7.125], "texture": "#0"},
				"east": {"uv": [11.25, 7.5, 11.5, 7.625], "texture": "#0"},
				"south": {"uv": [11.75, 7.5, 12, 7.625], "texture": "#0"},
				"west": {"uv": [11.25, 7, 11.5, 7.125], "texture": "#0"},
				"up": {"uv": [10.5, 6.75, 10.75, 7], "texture": "#0"},
				"down": {"uv": [10.75, 7, 11, 7.25], "texture": "#0"}
			}
		},
		{
			"from": [2, 0, 10],
			"to": [14, 5, 11],
			"rotation": {"angle": 45, "axis": "x", "origin": [0, 0, 11]},
			"faces": {
				"north": {"uv": [0.25, 2.25, 3.25, 3.5], "texture": "#0"},
				"east": {"uv": [3.5, 2.25, 3.75, 3.5], "texture": "#0"},
				"south": {"uv": [3.5, 2.25, 6.5, 3.5], "texture": "#0"},
				"west": {"uv": [0, 2.25, 0.25, 3.5], "texture": "#0"},
				"up": {"uv": [0.25, 2, 3.25, 2.25], "texture": "#0"},
				"down": {"uv": [3.25, 2, 6.25, 2.25], "texture": "#0"}
			}
		},
		{
			"from": [5, 1.25, 9.75],
			"to": [13, 3.75, 10.75],
			"rotation": {"angle": 45, "axis": "x", "origin": [0, -0.25, 11]},
			"faces": {
				"north": {"uv": [0.25, 3.75, 2.25, 4.25], "texture": "#0"},
				"east": {"uv": [2.25, 3.75, 2.5, 4.25], "texture": "#0"},
				"south": {"uv": [2.5, 3.75, 4.5, 4.25], "texture": "#0"},
				"west": {"uv": [0, 3.75, 0.25, 4.25], "texture": "#0"},
				"up": {"uv": [0.25, 3.5, 2.25, 3.75], "texture": "#0"},
				"down": {"uv": [2.25, 3.5, 4.25, 3.75], "texture": "#0"}
			}
		}
	],
	"groups": [0, 1, 2, 3, 4, 5, 6, 7, 8, 9, 10, 11, 12, 13, 14, 15, 16, 17, 18, 19, 20,
		{
			"name": "group",
			"origin": [12.5, 9, 12.5],
			"children": [21, 22]
		}
	]
}