{"elements":[{"from":[5.5,-2.75,9.5],"to":[10.5,7.25,9.5],"rotation":{"angle":0,"axis":"y","origin":[8,-4.5,7.75]},"faces":{"north":{"uv":[11,11,8.5,16],"texture":"#3"},"east":{"uv":[5,11,5.5,16],"texture":"#3"},"south":{"uv":[8.5,11,11,16],"texture":"#3"},"west":{"uv":[8,11,8.5,16],"texture":"#3"},"up":{"uv":[8,11,5.5,10.5],"texture":"#3"},"down":{"uv":[10.5,10.5,8,11],"texture":"#3"}}},{"from":[5.5,7.25,8.5],"to":[10.5,7.25,9.5],"rotation":{"angle":0,"axis":"y","origin":[8,-4.5,7.75]},"faces":{"north":{"uv":[11,11,8.5,16],"texture":"#3"},"east":{"uv":[5,11,5.5,16],"texture":"#3"},"south":{"uv":[8.5,11,11,16],"texture":"#3"},"west":{"uv":[8,11,8.5,16],"texture":"#3"},"up":{"uv":[5.5,10.875,8,10.5],"texture":"#3"},"down":{"uv":[5.5,10.875,8,10.5],"texture":"#3"}}},{"from":[10.5,-2.75,8.5],"to":[10.5,7.25,9.5],"rotation":{"angle":0,"axis":"y","origin":[8,-4.5,7.75]},"faces":{"north":{"uv":[11,11,8.5,16],"texture":"#3"},"east":{"uv":[8.5,11,8.125,16],"texture":"#3"},"south":{"uv":[8.5,11,11,16],"texture":"#3"},"west":{"uv":[8.125,11,8.5,16],"texture":"#3"},"up":{"uv":[8,11,5.5,10.5],"texture":"#3"},"down":{"uv":[10.5,10.5,8,11],"texture":"#3"}}}],"textures":{"3":"tsf:npc/barney/npc_barney","4":"tsf:npc/barney/black"},"display":{"head":{"translation":[0,-6.4,0],"scale":[3.2,3.2,3.2],"rotation":[0,180,0]}},"texture_size":[64,64]}