{"elements":[{"from":[5.75,7.949999999999999,5.75],"to":[10.25,12.45,10.25],"rotation":{"angle":0,"axis":"y","origin":[8,-4.300000000000001,8]},"faces":{"north":{"uv":[2,2,4,4],"texture":"#7"},"east":{"uv":[0,2,2,4],"texture":"#7"},"south":{"uv":[6,2,8,4],"texture":"#7"},"west":{"uv":[4,2,6,4],"texture":"#7"},"up":{"uv":[2,0,4,2],"texture":"#7"},"down":{"uv":[4,0,6,2],"texture":"#7"}}}],"textures":{"3":"tsf:npc/barney/npc_barney","7":"tsf:npc/barney/community"},"display":{"head":{"translation":[0,-6.4,0],"scale":[3.2,3.2,3.2],"rotation":[0,180,0]}},"texture_size":[64,64]}