{"elements":[{"from":[8,2,7],"to":[9.5,3.5,9],"rotation":{"angle":0,"axis":"y","origin":[6,-4,8]},"faces":{"north":{"uv":[7,1.25,7.75,2],"texture":"#3"},"east":{"uv":[6,1.25,7,2],"texture":"#3"},"south":{"uv":[8.75,1.25,9.5,2],"texture":"#3"},"west":{"uv":[7.75,1.25,8.75,2],"texture":"#3"},"up":{"uv":[7.75,1.25,7,0.25],"texture":"#3"},"down":{"uv":[8.5,0.25,7.75,1.25],"texture":"#3"}}},{"from":[7.875,7.574999999999999,6.75],"to":[10.25,8.625,9.25],"shade":false,"rotation":{"angle":0,"axis":"y","origin":[6.5,-4,8]},"faces":{"north":{"uv":[12,1.5,13,2],"texture":"#7"},"east":{"uv":[10.625,1.5,11.875,2],"texture":"#7"},"south":{"uv":[15,1.5,16,2],"texture":"#7"},"west":{"uv":[14.25,6.5,15.25,7.5],"texture":"#7"},"up":{"uv":[12.75,1.375,12,0.125],"texture":"#7"},"down":{"uv":[0,0,0,0],"texture":"#7"}}},{"from":[9.375,6.325000000000003,6.75],"to":[10.25,7.575000000000003,9.25],"shade":false,"rotation":{"angle":0,"axis":"y","origin":[6.5,-5.050000000000001,8]},"faces":{"north":{"uv":[8.375,1.5,8.75,2],"texture":"#7"},"east":{"uv":[7.125,1.5,8.375,2],"texture":"#7"},"south":{"uv":[10.125,1.5,10.5,2],"texture":"#7"},"west":{"uv":[14.25,6.5,15.25,7.5],"texture":"#7"},"up":{"uv":[0,0,0,0],"texture":"#7"},"down":{"uv":[15,5.5,14.25,6.5],"texture":"#7"}}},{"from":[8,3.5,7],"to":[9.5,8.5,9],"rotation":{"angle":0,"axis":"y","origin":[6,-4,8]},"faces":{"north":{"uv":[7,5,7.75,7.5],"texture":"#3"},"east":{"uv":[6,5,7,7.5],"texture":"#3"},"south":{"uv":[8.75,5,9.5,7.5],"texture":"#3"},"west":{"uv":[7.75,5,8.75,7.5],"texture":"#3"},"up":{"uv":[7.75,5,7,4],"texture":"#3"},"down":{"uv":[8.5,4,7.75,5],"texture":"#3"}}},{"from":[7.875,6.375,6.875],"to":[9.625,8.625,9.125],"rotation":{"angle":0,"axis":"y","origin":[6,-4,8]},"faces":{"north":{"uv":[13.5,6.5,14.25,7.5],"texture":"#3"},"east":{"uv":[12.5,6.5,13.5,7.5],"texture":"#3"},"south":{"uv":[15.25,6.5,16,7.5],"texture":"#3"},"west":{"uv":[14.25,6.5,15.25,7.5],"texture":"#3"},"up":{"uv":[14.25,6.5,13.5,5.5],"texture":"#3"},"down":{"uv":[15,5.5,14.25,6.5],"texture":"#3"}}},{"from":[7.95,1.9500000000000002,6.95],"to":[10.05,8.55,9.05],"shade":false,"rotation":{"angle":0,"axis":"y","origin":[12,-4,8]},"faces":{"north":{"uv":[14,5,13,8],"texture":"#7"},"east":{"uv":[11,5,10,8],"texture":"#7"},"south":{"uv":[12,5,11,8],"texture":"#7"},"west":{"uv":[13,5,12,8],"texture":"#7"},"up":{"uv":[12,4,11,5],"texture":"#7"},"down":{"uv":[13,4,12,5],"texture":"#7"}}}],"textures":{"3":"tsf:npc/barney/npc_barney","7":"tsf:npc/barney/community"},"display":{"head":{"translation":[0,-6.4,0],"scale":[3.2,3.2,3.2],"rotation":[0,180,0]}},"texture_size":[64,64]}