{
	"credit": "Made with Blockbench",
	"parent": "item/halfsize",
	"texture_size": [512, 512],
	"textures": {
		"0": "item/advert/base",
		"particle": "item/advert/base"
	},
	"elements": [
		{
			"from": [3.5, 0, 15],
			"to": [8, 5.5, 15.5],
			"rotation": {"angle": 0, "axis": "y", "origin": [11.5, 8, 23]},
			"faces": {
				"north": {"uv": [10.25, 0.25, 12.5, 3], "texture": "#0"},
				"east": {"uv": [10, 0.25, 10.25, 3], "texture": "#0"},
				"south": {"uv": [12.75, 0.25, 15, 3], "texture": "#0"},
				"west": {"uv": [12.5, 0.25, 12.75, 3], "texture": "#0"},
				"up": {"uv": [10.65625, 0, 15.15625, 0], "texture": "#0"},
				"down": {"uv": [10.40625, 0, 14.90625, 0], "texture": "#0"}
			}
		},
		{
			"from": [1.5, 0, 14.5],
			"to": [3.5, 5.5, 16],
			"rotation": {"angle": 0, "axis": "y", "origin": [9.5, 8, 22.5]},
			"faces": {
				"north": {"uv": [10.625, 3.75, 11.625, 6.5], "texture": "#0"},
				"east": {"uv": [10, 3.75, 10.875, 6.5], "texture": "#0"},
				"south": {"uv": [13.5, 3.75, 12.5, 6.5], "texture": "#0"},
				"west": {"uv": [11.625, 3.75, 12.5, 6.5], "texture": "#0"},
				"up": {"uv": [10.75, 3.28125, 11.34375, 3.5625], "texture": "#0"},
				"down": {"uv": [11.78125, 3.03125, 12.3125, 3.625], "texture": "#0"}
			}
		},
		{
			"from": [0, 5.5, 14],
			"to": [8, 23.5, 16],
			"rotation": {"angle": 0, "axis": "y", "origin": [8, 13.5, 22]},
			"faces": {
				"north": {"uv": [1, 1, 5, 10], "texture": "#0"},
				"east": {"uv": [0, 1.25, 0.71875, 9.90625], "texture": "#0"},
				"south": {"uv": [6, 1, 10, 10], "texture": "#0"},
				"west": {"uv": [5, 1, 6, 10], "texture": "#0"},
				"up": {"uv": [1, 0, 5, 1], "rotation": 180, "texture": "#0"},
				"down": {"uv": [9, 0, 5, 1], "texture": "#0"}
			}
		},
		{
			"from": [8, 0, 15],
			"to": [12.5, 5.5, 15.5],
			"rotation": {"angle": 0, "axis": "y", "origin": [4.5, 8, 23]},
			"faces": {
				"north": {"uv": [12.5, 0.25, 10.25, 3], "texture": "#0"},
				"east": {"uv": [12.75, 0.25, 12.5, 3], "texture": "#0"},
				"south": {"uv": [15, 0.25, 12.75, 3], "texture": "#0"},
				"west": {"uv": [10.25, 0.25, 10, 3], "texture": "#0"},
				"up": {"uv": [15.15625, 0, 10.65625, 0], "texture": "#0"},
				"down": {"uv": [14.90625, 0, 10.40625, 0], "texture": "#0"}
			}
		},
		{
			"from": [12.5, 0, 14.5],
			"to": [14.5, 5.5, 16],
			"rotation": {"angle": 0, "axis": "y", "origin": [6.5, 8, 22.5]},
			"faces": {
				"north": {"uv": [11.625, 3.75, 10.625, 6.5], "texture": "#0"},
				"east": {"uv": [12.5, 3.75, 11.625, 6.5], "texture": "#0"},
				"south": {"uv": [12.5, 3.75, 13.5, 6.5], "texture": "#0"},
				"west": {"uv": [10.875, 3.75, 10, 6.5], "texture": "#0"},
				"up": {"uv": [11.34375, 3.28125, 10.75, 3.5625], "texture": "#0"},
				"down": {"uv": [12.3125, 3.03125, 11.78125, 3.625], "texture": "#0"}
			}
		},
		{
			"from": [8, 5.5, 14],
			"to": [16, 23.5, 16],
			"rotation": {"angle": 0, "axis": "y", "origin": [8, 13.5, 22]},
			"faces": {
				"north": {"uv": [5, 1, 1, 10], "texture": "#0"},
				"east": {"uv": [6, 1, 5, 10], "texture": "#0"},
				"south": {"uv": [10, 1, 6, 10], "texture": "#0"},
				"west": {"uv": [0.71875, 1.25, 0, 9.90625], "texture": "#0"},
				"up": {"uv": [5, 0, 1, 1], "rotation": 180, "texture": "#0"},
				"down": {"uv": [5, 0, 9, 1], "texture": "#0"}
			}
		},
		{
			"from": [1.5, 13.25, 13.95],
			"to": [14.5, 20.25, 13.95],
			"rotation": {"angle": 0, "axis": "y", "origin": [15.5, 15.5, 22]},
			"faces": {
				"north": {"uv": [0.03125, 10.90625, 6.53125, 14.40625], "texture": "#0"},
				"east": {"uv": [0, 0, 0, 0.10938], "texture": "#0"},
				"south": {"uv": [0, 0, 0.375, 0.10938], "texture": "#0"},
				"west": {"uv": [0, 0, 0, 0.10938], "texture": "#0"},
				"up": {"uv": [0, 0, 0.375, 0], "texture": "#0"},
				"down": {"uv": [0, 0, 0.375, 0], "texture": "#0"}
			}
		},
		{
			"from": [2, 8.25, 13.95],
			"to": [14.5, 12.75, 13.95],
			"rotation": {"angle": 0, "axis": "y", "origin": [16, 7.75, 22]},
			"faces": {
				"north": {"uv": [7.75, 10.875, 15.25, 13.125], "texture": "#0"},
				"east": {"uv": [0, 0, 0, 0.10938], "texture": "#0"},
				"south": {"uv": [0, 0, 0.375, 0.10938], "texture": "#0"},
				"west": {"uv": [0, 0, 0, 0.10938], "texture": "#0"},
				"up": {"uv": [0, 0, 0.375, 0], "texture": "#0"},
				"down": {"uv": [0, 0, 0.375, 0], "texture": "#0"}
			}
		}
	],
	"groups": [
		{
			"name": "group",
			"origin": [12, 4, 15.5],
			"children": [0, 1, 2]
		},
		{
			"name": "group",
			"origin": [12, 4, 15.5],
			"children": [3, 4, 5]
		}, 6, 7]
}