{
	"credit": "Made with Blockbench",
	"textures": {
		"layer0": "models/armor/noxcrew"
	},
	"elements": [
		{
			"from": [6, 0, 6],
			"to": [10, 12, 10],
			"rotation": {"angle": 0, "axis": "y", "origin": [2, 8, 14]},
			"faces": {
				"north": {"uv": [11.999, 5, 11, 7.999], "texture": "#layer0", "tintindex": 0},
				"east": {"uv": [12.999, 5, 12, 7.999], "texture": "#layer0", "tintindex": 0},
				"south": {"uv": [13.999, 5, 13, 7.999], "texture": "#layer0", "tintindex": 0},
				"west": {"uv": [10.999, 5, 10, 7.999], "texture": "#layer0", "tintindex": 0},
				"up": {"uv": [12, 4, 11, 5], "texture": "#layer0", "tintindex": 0},
				"down": {"uv": [13, 4, 12, 5], "rotation": 180, "texture": "#layer0", "tintindex": 0}
			}
		},
		{
			"from": [7.25, 12.25, 5.75],
			"to": [10.25, 12.25, 10.25],
			"rotation": {"angle": 0, "axis": "y", "origin": [-2, 19.25, 15]},
			"faces": {
				"up": {"uv": [13, 0, 12, 1.5], "texture": "#layer0"},
				"down": {"uv": [13, 0, 12, 1.5], "texture": "#layer0"}
			}
		},
		{
			"from": [7.25, 10.75, 10.25],
			"to": [10.25, 12.25, 10.25],
			"rotation": {"angle": 0, "axis": "y", "origin": [-2, 19.25, 15]},
			"faces": {
				"north": {"uv": [12, 1.5, 13, 2], "texture": "#layer0"},
				"south": {"uv": [13, 1.5, 12, 2], "texture": "#layer0"}
			}
		},
		{
			"from": [7.25, 10.75, 5.75],
			"to": [10.25, 12.25, 5.75],
			"rotation": {"angle": 0, "axis": "y", "origin": [-2, 19.25, 10.5]},
			"faces": {
				"north": {"uv": [12, 1.5, 13, 2], "texture": "#layer0"},
				"south": {"uv": [13, 1.5, 12, 2], "texture": "#layer0"}
			}
		},
		{
			"from": [7.25, 10, 10.25],
			"to": [10.25, 10.75, 10.25],
			"rotation": {"angle": 0, "axis": "y", "origin": [-2, 17.75, 15]},
			"faces": {
				"north": {"uv": [8.5, 1.5, 9.5, 1.75], "texture": "#layer0"},
				"south": {"uv": [9.5, 1.5, 8.5, 1.75], "texture": "#layer0"}
			}
		},
		{
			"from": [7.25, 10, 5.75],
			"to": [10.25, 10.75, 5.75],
			"rotation": {"angle": 0, "axis": "y", "origin": [-2, 17.75, 10.5]},
			"faces": {
				"north": {"uv": [8.5, 1.5, 9.5, 1.75], "texture": "#layer0"},
				"south": {"uv": [9.5, 1.5, 8.5, 1.75], "texture": "#layer0"}
			}
		},
		{
			"from": [10.25, 10.75, 5.75],
			"to": [10.25, 12.25, 10.25],
			"rotation": {"angle": 0, "axis": "y", "origin": [2.25, 19.25, 15]},
			"faces": {
				"east": {"uv": [12, 1.5, 10.5, 2], "texture": "#layer0"},
				"west": {"uv": [12, 1.5, 10.5, 2], "texture": "#layer0"}
			}
		},
		{
			"from": [10.25, 9.25, 5.75],
			"to": [10.25, 10.75, 10.25],
			"rotation": {"angle": 0, "axis": "y", "origin": [2.25, 17.75, 15]},
			"faces": {
				"east": {"uv": [8.5, 1.5, 7, 2], "texture": "#layer0"},
				"west": {"uv": [8.5, 1.5, 7, 2], "texture": "#layer0"}
			}
		}
	],
	"display": {
		"thirdperson_righthand": {
			"rotation": [90, 0, 0],
			"translation": [0, -2, 8.2],
			"scale": [1.14, 1.06, 1.14]
		},
		"thirdperson_lefthand": {
			"rotation": [90, -180, 0],
			"translation": [0, -2, 8.2],
			"scale": [1.14, 1.06, 1.14]
		},
		"firstperson_righthand": {
			"rotation": [135, -18, 24],
			"translation": [-0.5, -2.75, 1]
		},
		"firstperson_lefthand": {
			"rotation": [135, -18, 13],
			"translation": [-0.5, -2.75, 1],
			"scale": [0, 0, 0]
		},
		"gui": {
			"scale": [0, 0, 0]
		}
	}
}