{"elements":[{"from":[7.25,7.75,8.35],"to":[8.75,8.25,8.35],"rotation":{"angle":0,"axis":"y","origin":[9.25,-6.75,10.5]},"faces":{"north":{"uv":[5,4,5.75,4.25],"texture":"#1"},"east":{"uv":[5,4,5,4.25],"texture":"#1"},"south":{"uv":[5.75,4,6.5,4.25],"texture":"#1"},"west":{"uv":[5.75,4,5.75,4.25],"texture":"#1"},"up":{"uv":[5.75,4,5,4],"texture":"#1"},"down":{"uv":[6.5,4,5.75,4],"texture":"#1"}}}],"textures":{"1":"tsf:npc/barney/npc_barney_no_wings","2":"tsf:npc/barney/white"},"display":{"head":{"translation":[0,-6.4,0],"scale":[3.2,3.2,3.2],"rotation":[0,180,0]}},"texture_size":[64,64]}