{"elements":[{"from":[7,1.5,7],"to":[9,8,9],"shade":false,"rotation":{"angle":0,"axis":"y","origin":[9,1.5,8]},"faces":{"north":{"uv":[14,1,13,4.25],"texture":"#1"},"east":{"uv":[15,1,14,4.25],"texture":"#1"},"south":{"uv":[16,1,15,4.25],"texture":"#1"},"west":{"uv":[13,1,12,4.25],"texture":"#1"},"up":{"uv":[13,1,14,0],"texture":"#1"},"down":{"uv":[14,0,15,1],"texture":"#1"}}},{"from":[6.875,3.375,6.875],"to":[9.125,5.625,8.125],"shade":false,"rotation":{"angle":0,"axis":"y","origin":[9,1.5,8]},"faces":{"north":{"uv":[9.5,3,8.5,4],"texture":"#1"},"east":{"uv":[10,3,9.5,4],"texture":"#1"},"south":{"uv":[11,3,10,4],"texture":"#1"},"west":{"uv":[8.5,3,8,4],"texture":"#1"},"up":{"uv":[8.5,3,9.5,2.5],"texture":"#1"},"down":{"uv":[9.5,2.5,10.5,3],"texture":"#1"}}}],"textures":{"1":"tsf:npc/barney/npc_barney_no_wings","2":"tsf:npc/barney/white"},"display":{"head":{"translation":[0,-6.4,0],"scale":[3.2,3.2,3.2],"rotation":[0,180,0]}},"texture_size":[64,64]}