{"credit":"Made with Blockbench","texture_size":[64,64],"textures":{"1":"tsf:npc/barney/npc_barney_no_wings"},"elements":[{"from":[6.375,6.375,6.875],"to":[8.125,8.625,9.125],"shade":false,"rotation":{"angle":0,"axis":"y","origin":[10,-4,8]},"faces":{"north":{"uv":[14.25,6.5,13.5,7.5],"texture":"#1"},"east":{"uv":[15.25,6.5,14.25,7.5],"texture":"#1"},"south":{"uv":[16,6.5,15.25,7.5],"texture":"#1"},"west":{"uv":[13.5,6.5,12.5,7.5],"texture":"#1"},"up":{"uv":[13.5,6.5,14.25,5.5],"texture":"#1"},"down":{"uv":[14.25,5.5,15,6.5],"texture":"#1"}}},{"from":[6.5,2,7],"to":[8,3.5,9],"shade":false,"rotation":{"angle":0,"axis":"y","origin":[10,-4,8]},"faces":{"north":{"uv":[7.75,1.25,7,2],"texture":"#1"},"east":{"uv":[8.75,1.25,7.75,2],"texture":"#1"},"south":{"uv":[9.5,1.25,8.75,2],"texture":"#1"},"west":{"uv":[7,1.25,6,2],"texture":"#1"},"up":{"uv":[7,1.25,7.75,0.25],"texture":"#1"},"down":{"uv":[7.75,0.25,8.5,1.25],"texture":"#1"}}},{"from":[6.5,3.5,7],"to":[8,8.5,9],"shade":false,"rotation":{"angle":0,"axis":"y","origin":[10,-4,8]},"faces":{"north":{"uv":[7.75,5,7,7.5],"texture":"#1"},"east":{"uv":[8.75,5,7.75,7.5],"texture":"#1"},"south":{"uv":[9.5,5,8.75,7.5],"texture":"#1"},"west":{"uv":[7,5,6,7.5],"texture":"#1"},"up":{"uv":[7,5,7.75,4],"texture":"#1"},"down":{"uv":[7.75,4,8.5,5],"texture":"#1"}}}],"display":{"head":{"rotation":[0,180,0],"translation":[0,-6.4,0],"scale":[3.2,3.2,3.2]}}}