{"elements":[{"from":[7,7.725000000000001,8],"to":[9,8.225000000000001,8],"shade":false,"rotation":{"angle":0,"axis":"y","origin":[8,-4.774999999999999,10.05]},"faces":{"north":{"uv":[9,2.125,8,2.375],"texture":"#1"},"east":{"uv":[9,2,9,2.25],"texture":"#1"},"south":{"uv":[10,2,9,2.25],"texture":"#1"},"west":{"uv":[8,2,8,2.25],"texture":"#1"},"up":{"uv":[8,2,9,2],"texture":"#1"},"down":{"uv":[9,2,10,2],"texture":"#1"}}}],"textures":{"1":"tsf:npc/barney/npc_barney_no_wings","2":"tsf:npc/barney/white"},"display":{"head":{"translation":[0,-6.4,0],"scale":[3.2,3.2,3.2],"rotation":[0,180,0]}},"texture_size":[64,64]}